Posting Date;Prod. Order No.;No.;lot size;good pcs;scrap pcs;Value Entry - User ID;Posted in NAV;Expected time;Dev - minutes
20.08.2025;WO072882;E-LINE;24.00;120;0;HR-ELINE;332.93;300.00;-32.93
20.08.2025;WO072014;F-LINE;13.00;74;0;HR-ELINE;4.52;341.54;337.02
20.08.2025;WO073235;G-LINE;16.00;63;1;HR-ELINE;364.72;236.25;-128.47
20.08.2025;WO073235;G-LINE;16.00;100;0;HR-ELINE;2.61;375.00;372.39
20.08.2025;WO073765;GS-MTM;1.50;4;0;HR-GS-SPINNER;0.30;160.00;159.70
19.08.2025;WO072949;F-LINE;13.00;5;0;HR-ELINE;0.43;23.08;22.65
19.08.2025;WO073274;GS-SOK;3.00;3;0;HR-GS-SPINNER;60.00;60.00;0.00
19.08.2025;WO073245;B-LINE;108.00;153;3;HR-BLINE;98.52;85.00;-13.52
19.08.2025;WO072802;E-LINE;23.00;50;0;HR-ELINE;153.97;130.43;-23.54
19.08.2025;WO072882;E-LINE;24.00;80;0;HR-ELINE;270.58;200.00;-70.58
19.08.2025;WO072014;F-LINE;13.00;71;0;HR-ELINE;0.45;327.69;327.24
19.08.2025;WO072014;F-LINE;13.00;74;0;HR-ELINE;410.58;341.54;-69.04
19.08.2025;WO072014;F-LINE;13.00;76;28;HR-ELINE;455.68;350.77;-104.91
19.08.2025;WO073185;G-LINE;16.00;22;0;HR-ELINE;99.48;82.50;-16.98
19.08.2025;WO073185;G-LINE;16.00;71;0;HR-ELINE;0.34;266.25;265.91
19.08.2025;WO073532;G-LINE;16.00;50;0;HR-ELINE;217.66;187.50;-30.16
19.08.2025;WO073235;G-LINE;16.00;20;5;HR-ELINE;137.94;75.00;-62.94
19.08.2025;WO073235;G-LINE;16.00;41;6;HR-ELINE;360.26;153.75;-206.51
19.08.2025;WO073765;GS-MTM;1.50;4;0;HR-GS-SPINNER;0.25;160.00;159.75
19.08.2025;WO073765;GS-MTM;1.50;8;0;HR-GS-SPINNER;0.19;320.00;319.81
19.08.2025;WO073476;GS-SOK;3.00;1;0;HR-GS-SPINNER;20.00;20.00;0.00
19.08.2025;WO073542;GS-SOK;3.00;4;0;HR-GS-SPINNER;80.00;80.00;0.00
19.08.2025;WO073479;GS-SOK;3.00;2;0;HR-GS-SPINNER;40.00;40.00;0.00
18.08.2025;WO073822;F-LINE;13.00;2;0;HR-ELINE;0.29;9.23;8.94
18.08.2025;WO073822;F-LINE;13.00;56;4;HR-ELINE;404.96;258.46;-146.50
18.08.2025;WO073822;F-LINE;13.00;58;0;HR-ELINE;253.94;267.69;13.75
18.08.2025;WO074244;B-LINE;108.00;145;3;HR-BLINE;270.02;80.56;-189.46
18.08.2025;WO074244;B-LINE;108.00;380;2;HR-BLINE;249.20;211.11;-38.09
18.08.2025;WO073245;B-LINE;108.00;47;3;HR-BLINE;102.74;26.11;-76.63
18.08.2025;WO073033;E-LINE;25.00;50;0;HR-ELINE;168.31;120.00;-48.31
18.08.2025;WO073022;E-LINE;25.00;26;0;HR-ELINE;84.41;62.40;-22.01
18.08.2025;WO073185;G-LINE;16.00;25;0;HR-ELINE;35.47;93.75;58.28
18.08.2025;WO073185;G-LINE;16.00;92;0;HR-ELINE;434.47;345.00;-89.47
18.08.2025;WO073549;GS-DUAL;2.00;2;0;HR-GS-SPINNER;0.40;60.00;59.60
18.08.2025;WO073565;GS-LINE;1.50;2;0;HR-GS-SPINNER;0.41;80.00;79.59
18.08.2025;WO073561;GS-LINE;1.20;2;0;HR-GS-SPINNER;1.76;100.00;98.24
03.08.2025;WO074509;B-LINE;108.00;296;0;HR-BLINE;187.71;164.44;-23.27
03.08.2025;WO074509;B-LINE;108.00;765;2;HR-BLINE;467.26;425.00;-42.26
02.08.2025;WO073709;C-LINE;23.00;210;0;HR-BLINE;0.33;547.83;547.50
02.08.2025;WO074509;B-LINE;108.00;710;0;HR-BLINE;458.47;394.44;-64.03
02.08.2025;WO074509;B-LINE;108.00;730;2;HR-BLINE;422.30;405.56;-16.74
02.08.2025;WO074509;B-LINE;108.00;780;0;HR-BLINE;448.36;433.33;-15.03
01.08.2025;WO074509;B-LINE;108.00;750;2;HR-BLINE;428.42;416.67;-11.75
31.07.2025;WO072747;B-LINE;110.00;10;0;HR-BLINE;1.23;5.45;4.22
31.07.2025;WO072895;G-LINE;15.00;60;0;HR-CPLINE;1.24;240.00;238.76
31.07.2025;WO073465;B-LINE;108.00;60;0;HR-BLINE;0.80;33.33;32.53
31.07.2025;WO073465;B-LINE;108.00;140;0;HR-BLINE;137.48;77.78;-59.70
31.07.2025;WO073466;B-LINE;108.00;150;0;HR-BLINE;433.34;83.33;-350.01
31.07.2025;WO073468;B-LINE;108.00;250;2;HR-BLINE;0.66;138.89;138.23
31.07.2025;WO073468;B-LINE;108.00;350;4;HR-BLINE;123.77;194.44;70.67
31.07.2025;WO073469;B-LINE;108.00;365;2;HR-BLINE;222.73;202.78;-19.95
31.07.2025;WO073469;B-LINE;108.00;435;5;HR-BLINE;227.59;241.67;14.08
31.07.2025;WO073822;F-LINE;13.00;30;0;HR-CPLINE;0.52;138.46;137.94
31.07.2025;WO073822;F-LINE;13.00;49;0;HR-CPLINE;2.30;226.15;223.85
31.07.2025;WO074276;B-LINE;108.00;285;2;HR-BLINE;192.46;158.33;-34.13
31.07.2025;WO074281;B-LINE;108.00;90;0;HR-BLINE;34.67;50.00;15.33
31.07.2025;WO074281;B-LINE;108.00;435;4;HR-BLINE;260.01;241.67;-18.34
31.07.2025;WO074509;B-LINE;108.00;135;1;HR-BLINE;1.41;75.00;73.59
30.07.2025;WO072972;C-LINE;51.00;6;5;HR-BLINE;25.57;7.06;-18.51
30.07.2025;WO073310;A-LINE;100.00;300;6;HR-BLINE;194.20;180.00;-14.20
30.07.2025;WO074273;B-LINE;108.00;525;0;HR-BLINE;456.26;291.67;-164.59
30.07.2025;WO074276;B-LINE;108.00;240;0;HR-BLINE;0.35;133.33;132.98
30.07.2025;WO074284;B-LINE;108.00;180;2;HR-BLINE;172.35;100.00;-72.35
30.07.2025;WO074287;B-LINE;108.00;525;5;HR-BLINE;293.55;291.67;-1.88
29.07.2025;WO072749;C-LINE;21.00;225;0;HR-BLINE;0.33;642.86;642.53
29.07.2025;WO072761;G-LINE;16.50;4;0;HR-CPLINE;0.25;14.55;14.30
29.07.2025;WO073247;D-LINE;7.00;80;0;HR-CPLINE;0.68;685.71;685.03
29.07.2025;WO073338;G-LINE;16.00;15;0;HR-CPLINE;0.23;56.25;56.02
29.07.2025;WO073593;G-LINE;16.50;4;0;HR-CPLINE;0.24;14.55;14.31
29.07.2025;WO073675;GS-MTM;7.00;12;0;HR-CPLINE;2.72;102.86;100.14
29.07.2025;WO073822;F-LINE;13.00;15;0;HR-CPLINE;0.42;69.23;68.81
29.07.2025;WO073822;F-LINE;13.00;40;0;HR-CPLINE;0.50;184.62;184.12
29.07.2025;WO073822;F-LINE;13.00;60;0;HR-CPLINE;0.46;276.92;276.46
29.07.2025;WO074280;B-LINE;108.00;355;5;HR-BLINE;178.31;197.22;18.91
29.07.2025;WO074284;B-LINE;108.00;345;5;HR-BLINE;231.33;191.67;-39.66
28.07.2025;WO073277;F-LINE;13.00;2;0;HR-CPLINE;0.25;9.23;8.98
28.07.2025;WO074256;B-LINE;108.00;85;5;HR-BLINE;95.08;47.22;-47.86
28.07.2025;WO074260;B-LINE;108.00;525;0;HR-BLINE;310.57;291.67;-18.90
28.07.2025;WO074266;B-LINE;108.00;75;3;HR-BLINE;25.33;41.67;16.34
28.07.2025;WO074266;B-LINE;108.00;450;0;HR-BLINE;211.96;250.00;38.04
28.07.2025;WO074280;B-LINE;108.00;170;0;HR-BLINE;118.59;94.44;-24.15
27.07.2025;WO074256;B-LINE;108.00;440;5;HR-BLINE;358.07;244.44;-113.63
27.07.2025;WO074269;B-LINE;108.00;450;5;HR-BLINE;318.97;250.00;-68.97
27.07.2025;WO074272;B-LINE;108.00;245;0;HR-BLINE;189.94;136.11;-53.83
27.07.2025;WO074272;B-LINE;108.00;280;2;HR-BLINE;137.90;155.56;17.66
27.07.2025;WO074275;B-LINE;108.00;85;0;HR-BLINE;49.56;47.22;-2.34
27.07.2025;WO074275;B-LINE;108.00;440;6;HR-BLINE;273.59;244.44;-29.15
26.07.2025;WO072854;G-LINE;17.00;120;0;HR-ELINE;730.63;423.53;-307.10
26.07.2025;WO073501;G-LINE;16.50;60;0;HR-GS-SPINNER;0.31;218.18;217.87
26.07.2025;WO073810;G-LINE;16.00;24;0;HR-GS-SPINNER;0.37;90.00;89.63
26.07.2025;WO073822;F-LINE;13.00;10;0;HR-CPLINE;0.42;46.15;45.73
26.07.2025;WO073822;F-LINE;13.00;79;0;HR-ELINE;387.04;364.62;-22.42
26.07.2025;WO074246;B-LINE;108.00;465;3;HR-BLINE;319.12;258.33;-60.79
26.07.2025;WO074251;B-LINE;108.00;225;2;HR-BLINE;145.82;125.00;-20.82
26.07.2025;WO074251;B-LINE;108.00;300;0;HR-BLINE;93.14;166.67;73.53
26.07.2025;WO074258;B-LINE;108.00;25;0;HR-BLINE;0.43;13.89;13.46
26.07.2025;WO074258;B-LINE;108.00;500;5;HR-BLINE;293.14;277.78;-15.36
26.07.2025;WO074265;B-LINE;108.00;525;2;HR-BLINE;372.16;291.67;-80.49
26.07.2025;WO074269;B-LINE;108.00;75;0;HR-BLINE;51.90;41.67;-10.23
25.07.2025;WO072760;E-LINE;20.00;10;0;HR-ELINE;0.38;30.00;29.62
25.07.2025;WO072898;F-LINE;11.00;21;1;HR-ELINE;233.55;114.55;-119.00
25.07.2025;WO073021;E-LINE;25.00;16;0;HR-ELINE;0.43;38.40;37.97
25.07.2025;WO073029;F-LINE;12.50;24;0;HR-ELINE;0.27;115.20;114.93
25.07.2025;WO073039;E-LINE;25.00;20;0;HR-ELINE;49.18;48.00;-1.18
25.07.2025;WO073039;E-LINE;25.00;30;0;HR-ELINE;0.34;72.00;71.66
25.07.2025;WO073074;G-LINE;16.50;12;0;HR-ELINE;50.25;43.64;-6.61
25.07.2025;WO073196;F-LINE;12.50;55;0;HR-ELINE;277.85;264.00;-13.85
25.07.2025;WO073196;F-LINE;12.50;85;0;HR-ELINE;0.28;408.00;407.72
25.07.2025;WO073204;G-LINE;16.50;1;0;HR-ELINE;28.72;3.64;-25.08
25.07.2025;WO073204;G-LINE;16.50;59;0;HR-ELINE;0.28;214.55;214.27
25.07.2025;WO073290;G-LINE;16.50;6;11;HR-ELINE;132.01;21.82;-110.19
25.07.2025;WO073290;G-LINE;16.50;11;0;HR-ELINE;0.41;40.00;39.59
25.07.2025;WO073378;F-LINE;13.50;2;0;HR-ELINE;0.28;8.89;8.61
25.07.2025;WO073527;F-LINE;13.00;3;0;HR-ELINE;52.92;13.85;-39.07
25.07.2025;WO073527;F-LINE;13.00;7;0;HR-ELINE;0.53;32.31;31.78
25.07.2025;WO073554;GS-SOK;3.00;22;0;HR-GS-SPINNER;1.08;440.00;438.92
25.07.2025;WO073554;GS-SOK;3.00;40;0;HR-GS-SPINNER;11.36;800.00;788.64
25.07.2025;WO073587;G-LINE;10.00;1;0;HR-ELINE;65.38;6.00;-59.38
25.07.2025;WO073587;G-LINE;10.00;7;0;HR-ELINE;144.41;42.00;-102.41
25.07.2025;WO073822;F-LINE;13.00;1;0;HR-ELINE;75.50;4.62;-70.88
25.07.2025;WO074243;B-LINE;108.00;525;16;HR-BLINE;290.89;291.67;0.78
25.07.2025;WO074246;B-LINE;108.00;60;2;HR-BLINE;43.18;33.33;-9.85
25.07.2025;WO074261;B-LINE;108.00;31;0;HR-BLINE;50.72;17.22;-33.50
25.07.2025;WO074261;B-LINE;108.00;280;0;HR-BLINE;129.93;155.56;25.63
24.07.2025;WO072907;E-LINE;22.00;96;0;HR-ELINE;0.35;261.82;261.47
24.07.2025;WO072919;F-LINE;15.00;31;6;HR-ELINE;1.36;124.00;122.64
24.07.2025;WO072939;E-LINE;20.00;60;0;HR-ELINE;0.35;180.00;179.65
24.07.2025;WO073234;G-LINE;16.00;63;0;HR-ELINE;259.74;236.25;-23.49
24.07.2025;WO073236;G-LINE;16.00;36;0;HR-ELINE;148.14;135.00;-13.14
24.07.2025;WO073236;G-LINE;16.00;76;0;HR-ELINE;0.82;285.00;284.18
24.07.2025;WO073251;F-LINE;13.00;4;0;HR-ELINE;0.29;18.46;18.17
24.07.2025;WO073251;F-LINE;13.00;58;0;HR-ELINE;359.19;267.69;-91.50
24.07.2025;WO073251;F-LINE;13.00;59;0;HR-ELINE;0.30;272.31;272.01
24.07.2025;WO073290;G-LINE;16.50;43;0;HR-ELINE;0.22;156.36;156.14
24.07.2025;WO073392;F-LINE;13.00;80;0;HR-ELINE;318.58;369.23;50.65
24.07.2025;WO073554;GS-SOK;3.00;38;0;HR-GS-SPINNER;4.36;760.00;755.64
23.07.2025;WO071710;GS-LINE;1.50;2;0;HR-GS-SPINNER;0.38;80.00;79.62
23.07.2025;WO072830;GS-LINE;1.50;2;0;HR-GS-SPINNER;0.38;80.00;79.62
23.07.2025;WO072853;GS-MTM;7.00;8;0;HR-ELINE;594.24;68.57;-525.67
23.07.2025;WO072920;F-LINE;12.50;20;0;HR-ELINE;0.27;96.00;95.73
23.07.2025;WO072973;B-LINE;55.00;65;4;HR-BLINE;0.47;70.91;70.44
23.07.2025;WO072973;B-LINE;55.00;335;9;HR-BLINE;310.10;365.45;55.35
23.07.2025;WO072974;B-LINE;55.00;145;5;HR-BLINE;0.52;158.18;157.66
23.07.2025;WO073232;GS-MTM;7.00;80;0;HR-ELINE;0.40;685.71;685.31
23.07.2025;WO073233;F-LINE;13.00;35;0;HR-ELINE;0.99;161.54;160.55
23.07.2025;WO073233;F-LINE;13.00;77;0;HR-ELINE;454.01;355.38;-98.63
23.07.2025;WO073234;G-LINE;16.00;60;0;HR-ELINE;1.59;225.00;223.41
23.07.2025;WO073234;G-LINE;16.00;101;3;HR-ELINE;343.74;378.75;35.01
23.07.2025;WO073248;G-LINE;16.00;21;0;HR-ELINE;1.58;78.75;77.17
23.07.2025;WO073248;G-LINE;16.00;100;0;HR-ELINE;444.37;375.00;-69.37
23.07.2025;WO073251;F-LINE;13.00;1;0;HR-ELINE;248.37;4.62;-243.75
23.07.2025;WO073251;F-LINE;13.00;57;0;HR-ELINE;340.73;263.08;-77.65
23.07.2025;WO073269;GS-LINE;1.50;2;0;HR-GS-SPINNER;0.85;80.00;79.15
23.07.2025;WO073444;E-LINE;23.00;135;0;HR-ELINE;0.89;352.17;351.28
23.07.2025;WO073525;GS-LINE;1.20;2;0;HR-GS-SPINNER;0.43;100.00;99.57
23.07.2025;WO073553;GS-LINE;1.50;2;0;HR-GS-SPINNER;0.50;80.00;79.50
23.07.2025;WO073558;GS-LINE;1.50;2;0;HR-GS-SPINNER;0.57;80.00;79.43
23.07.2025;WO073560;GS-LINE;1.20;2;0;HR-GS-SPINNER;1.66;100.00;98.34
23.07.2025;WO073568;GS-LINE;1.20;2;0;HR-GS-SPINNER;0.50;100.00;99.50
23.07.2025;WO073591;F-LINE;13.00;10;0;HR-ELINE;0.38;46.15;45.77
23.07.2025;WO073779;GS-DUAL;2.00;2;0;HR-GS-SPINNER;0.91;60.00;59.09
23.07.2025;WO074032;GS-LINE;1.50;3;0;HR-CPLINE;0.80;120.00;119.20
22.07.2025;WO072049;A-LINE;100.00;160;0;HR-BLINE;357.31;96.00;-261.31
22.07.2025;WO072358;B-LINE;55.00;100;0;HR-BLINE;239.90;109.09;-130.81
22.07.2025;WO072858;F-LINE;13.00;39;0;HR-ELINE;250.55;180.00;-70.55
22.07.2025;WO072974;B-LINE;55.00;55;11;HR-BLINE;116.10;60.00;-56.10
22.07.2025;WO073014;B-LINE;55.00;10;0;HR-BLINE;0.76;10.91;10.15
22.07.2025;WO073014;B-LINE;55.00;410;5;HR-BLINE;136.32;447.27;310.95
22.07.2025;WO073014;B-LINE;55.00;680;10;HR-BLINE;466.01;741.82;275.81
22.07.2025;WO073084;B-LINE;55.00;250;0;HR-BLINE;247.04;272.73;25.69
22.07.2025;WO073137;B-LINE;55.00;100;0;HR-BLINE;85.48;109.09;23.61
22.07.2025;WO073233;F-LINE;13.00;27;0;HR-ELINE;8.18;124.62;116.44
22.07.2025;WO073233;F-LINE;13.00;61;0;HR-ELINE;201.62;281.54;79.92
22.07.2025;WO073248;G-LINE;16.00;100;0;HR-ELINE;351.08;375.00;23.92
22.07.2025;WO073248;G-LINE;16.00;105;0;HR-ELINE;202.09;393.75;191.66
22.07.2025;WO073251;F-LINE;13.00;21;0;HR-ELINE;202.95;96.92;-106.03
22.07.2025;WO073251;F-LINE;13.00;39;0;HR-ELINE;439.13;180.00;-259.13
22.07.2025;WO073269;GS-LINE;1.50;2;0;HR-GS-SPINNER;0.42;80.00;79.58
22.07.2025;WO073330;E-LINE;19.00;10;0;HR-GS-SPINNER;0.41;31.58;31.17
22.07.2025;WO073330;E-LINE;19.00;40;0;HR-GS-SPINNER;0.51;126.32;125.81
22.07.2025;WO073331;A-LINE;100.00;300;10;HR-BLINE;1.12;180.00;178.88
22.07.2025;WO073439;GS-LINE;1.20;1;0;HR-GS-SPINNER;0.55;50.00;49.45
22.07.2025;WO073444;E-LINE;23.00;40;0;HR-ELINE;385.48;104.35;-281.13
22.07.2025;WO073444;E-LINE;23.00;85;0;HR-ELINE;40.69;221.74;181.05
22.07.2025;WO073621;GS-DUAL;2.00;2;0;HR-GS-SPINNER;3.16;60.00;56.84
22.07.2025;WO074032;GS-LINE;1.50;1;0;HR-GS-SPINNER;0.52;40.00;39.48
21.07.2025;WO072811;B-LINE;55.00;160;5;HR-BLINE;66.24;174.55;108.31
21.07.2025;WO072811;B-LINE;55.00;542;8;HR-BLINE;331.06;591.27;260.21
21.07.2025;WO072812;B-LINE;55.00;170;6;HR-BLINE;129.44;185.45;56.01
21.07.2025;WO072812;B-LINE;55.00;532;5;HR-BLINE;404.13;580.36;176.23
21.07.2025;WO072858;F-LINE;13.00;71;2;HR-ELINE;449.25;327.69;-121.56
21.07.2025;WO072876;G-LINE;16.00;30;0;HR-ELINE;0.38;112.50;112.12
21.07.2025;WO073184;F-LINE;13.00;44;0;HR-ELINE;34.48;203.08;168.60
21.07.2025;WO073199;G-LINE;16.00;20;0;HR-ELINE;137.30;75.00;-62.30
21.07.2025;WO073243;B-LINE;55.00;293;15;HR-BLINE;2.73;319.64;316.91
21.07.2025;WO073248;G-LINE;16.00;10;4;HR-ELINE;151.32;37.50;-113.82
21.07.2025;WO073269;GS-LINE;1.50;6;0;HR-GS-SPINNER;0.53;240.00;239.47
21.07.2025;WO073269;GS-LINE;1.50;14;0;HR-GS-SPINNER;0.57;560.00;559.43
21.07.2025;WO073307;B-LINE;55.00;108;0;HR-BLINE;68.32;117.82;49.50
21.07.2025;WO073307;B-LINE;55.00;192;0;HR-BLINE;77.52;209.45;131.93
21.07.2025;WO073330;E-LINE;19.00;50;0;HR-GS-SPINNER;0.46;157.89;157.43
21.07.2025;WO073409;G-LINE;15.00;35;0;HR-ELINE;154.61;140.00;-14.61
21.07.2025;WO073409;G-LINE;15.00;73;0;HR-ELINE;297.42;292.00;-5.42
21.07.2025;WO073444;E-LINE;23.00;140;0;HR-ELINE;266.15;365.22;99.07
21.07.2025;WO073536;F-LINE;13.00;4;0;HR-ELINE;0.36;18.46;18.10
20.07.2025;WO073240;B-LINE;55.00;150;12;HR-BLINE;0.53;163.64;163.11
20.07.2025;WO073240;B-LINE;55.00;552;15;HR-BLINE;414.51;602.18;187.67
20.07.2025;WO073242;B-LINE;55.00;75;0;HR-BLINE;45.36;81.82;36.46
20.07.2025;WO073242;B-LINE;55.00;425;12;HR-BLINE;241.06;463.64;222.58
20.07.2025;WO073243;B-LINE;55.00;260;3;HR-BLINE;0.42;283.64;283.22
19.07.2025;WO072626;B-LINE;108.00;410;2;HR-BLINE;264.24;227.78;-36.46
19.07.2025;WO072797;GS-MTM;7.00;37;0;HR-ELINE;227.63;317.14;89.51
19.07.2025;WO073135;B-LINE;108.00;190;0;HR-BLINE;48.92;105.56;56.64
19.07.2025;WO073135;B-LINE;108.00;210;2;HR-BLINE;164.18;116.67;-47.51
19.07.2025;WO073184;F-LINE;13.00;56;3;HR-ELINE;197.85;258.46;60.61
19.07.2025;WO073330;E-LINE;19.00;50;0;HR-GS-SPINNER;0.52;157.89;157.37
19.07.2025;WO073402;B-LINE;108.00;150;0;HR-BLINE;97.34;83.33;-14.01
19.07.2025;WO073529;F-LINE;13.00;12;0;HR-ELINE;90.06;55.38;-34.68
19.07.2025;WO073536;F-LINE;13.00;8;0;HR-ELINE;58.71;36.92;-21.79
19.07.2025;WO073550;GS-DUAL;2.00;2;0;HR-GS-SPINNER;0.49;60.00;59.51
19.07.2025;WO073551;GS-LINE;1.20;1;0;HR-GS-SPINNER;0.45;50.00;49.55
19.07.2025;WO073578;B-LINE;108.00;250;2;HR-BLINE;153.85;138.89;-14.96
19.07.2025;WO073733;G-LINE;16.00;70;0;HR-ELINE;1.75;262.50;260.75
18.07.2025;WO072193;B-LINE;108.00;150;4;HR-BLINE;89.33;83.33;-6.00
18.07.2025;WO072534;B-LINE;108.00;55;0;HR-BLINE;2.81;30.56;27.75
18.07.2025;WO072534;B-LINE;108.00;225;1;HR-BLINE;152.85;125.00;-27.85
18.07.2025;WO072534;B-LINE;108.00;720;2;HR-BLINE;462.36;400.00;-62.36
18.07.2025;WO072626;B-LINE;108.00;140;0;HR-BLINE;216.92;77.78;-139.14
18.07.2025;WO072797;GS-MTM;7.00;43;0;HR-ELINE;0.69;368.57;367.88
18.07.2025;WO072934;G-LINE;16.00;176;0;HR-ELINE;0.46;660.00;659.54
18.07.2025;WO072949;F-LINE;13.00;67;0;HR-ELINE;0.67;309.23;308.56
18.07.2025;WO072949;F-LINE;13.00;78;0;HR-ELINE;395.05;360.00;-35.05
18.07.2025;WO073094;G-LINE;12.00;26;0;HR-GS-SPINNER;0.45;130.00;129.55
18.07.2025;WO073094;GS-SOK;3.00;11;0;HR-GS-SPINNER;1.19;220.00;218.81
18.07.2025;WO073094;GS-SOK;3.00;15;0;HR-GS-SPINNER;0.94;300.00;299.06
18.07.2025;WO073134;B-LINE;108.00;250;2;HR-BLINE;203.44;138.89;-64.55
18.07.2025;WO073184;F-LINE;13.00;67;0;HR-ELINE;1.59;309.23;307.64
18.07.2025;WO073184;F-LINE;13.00;93;0;HR-ELINE;0.72;429.23;428.51
18.07.2025;WO073258;GS-SOK;3.00;9;0;HR-GS-SPINNER;1.55;180.00;178.45
18.07.2025;WO073330;E-LINE;19.00;100;0;HR-GS-SPINNER;41.62;315.79;274.17
18.07.2025;WO073733;G-LINE;16.00;6;0;HR-ELINE;0.34;22.50;22.16
17.07.2025;WO072132;GS-MTM;7.00;18;0;HR-CPLINE;1.44;154.29;152.85
17.07.2025;WO072934;G-LINE;16.00;54;0;HR-ELINE;0.24;202.50;202.26
17.07.2025;WO072949;F-LINE;13.00;60;9;HR-ELINE;167.16;276.92;109.76
17.07.2025;WO072949;F-LINE;13.00;90;0;HR-CPLINE;0.41;415.38;414.97
17.07.2025;WO073189;G-LINE;16.00;90;4;HR-ELINE;172.79;337.50;164.71
17.07.2025;WO073189;G-LINE;16.00;210;0;HR-ELINE;1.55;787.50;785.95
17.07.2025;WO073223;E-LINE;12.00;100;0;HR-ELINE;0.46;500.00;499.54
17.07.2025;WO073258;G-LINE;12.00;60;0;HR-GS-SPINNER;0.34;300.00;299.66
17.07.2025;WO073258;GS-SOK;3.00;20;0;HR-GS-SPINNER;1.02;400.00;398.98
17.07.2025;WO073258;GS-SOK;3.00;31;0;HR-GS-SPINNER;1.08;620.00;618.92
17.07.2025;WO073276;GS-SOK;3.00;7;0;HR-GS-SPINNER;2.17;140.00;137.83
17.07.2025;WO073330;E-LINE;19.00;50;0;HR-GS-SPINNER;0.40;157.89;157.49
17.07.2025;WO073639;F-LINE;13.00;8;0;HR-ELINE;1.04;36.92;35.88
17.07.2025;WO073720;B-LINE;108.00;525;10;HR-BLINE;340.84;291.67;-49.17
17.07.2025;WO073721;B-LINE;108.00;210;5;HR-BLINE;159.11;116.67;-42.44
17.07.2025;WO073721;B-LINE;108.00;315;2;HR-BLINE;219.94;175.00;-44.94
17.07.2025;WO073724;B-LINE;108.00;30;0;HR-BLINE;4.26;16.67;12.41
17.07.2025;WO073724;B-LINE;108.00;495;0;HR-BLINE;298.49;275.00;-23.49
17.07.2025;WO073726;B-LINE;108.00;95;0;HR-BLINE;78.31;52.78;-25.53
17.07.2025;WO073726;B-LINE;108.00;430;6;HR-BLINE;247.70;238.89;-8.81
17.07.2025;WO073727;F-LINE;13.00;8;2;HR-ELINE;0.43;36.92;36.49
16.07.2025;WO072133;F-LINE;13.00;57;0;HR-CPLINE;0.40;263.08;262.68
16.07.2025;WO072756;E-LINE;7.50;20;0;HR-ELINE;0.26;160.00;159.74
16.07.2025;WO072893;F-LINE;13.00;72;0;HR-ELINE;196.92;332.31;135.39
16.07.2025;WO073080;G-LINE;15.00;30;0;HR-ELINE;16.85;120.00;103.15
16.07.2025;WO073188;G-LINE;16.00;43;0;HR-ELINE;173.03;161.25;-11.78
16.07.2025;WO073188;G-LINE;16.00;47;0;HR-ELINE;0.93;176.25;175.32
16.07.2025;WO073221;GS-MTM;2.50;10;0;HR-GS-SPINNER;1.46;240.00;238.54
16.07.2025;WO073276;GS-SOK;3.00;15;0;HR-GS-SPINNER;12.79;300.00;287.21
16.07.2025;WO073276;GS-SOK;3.00;20;0;HR-GS-SPINNER;1.00;400.00;399.00
16.07.2025;WO073389;F-LINE;13.50;22;0;HR-CPLINE;0.62;97.78;97.16
16.07.2025;WO073389;F-LINE;13.50;28;0;HR-ELINE;175.57;124.44;-51.13
16.07.2025;WO073414;G-LINE;16.00;2;0;HR-ELINE;0.25;7.50;7.25
16.07.2025;WO073454;G-LINE;16.00;4;0;HR-CPLINE;0.54;15.00;14.46
16.07.2025;WO073705;B-LINE;108.00;600;10;HR-BLINE;418.86;333.33;-85.53
16.07.2025;WO073713;B-LINE;108.00;525;12;HR-BLINE;275.12;291.67;16.55
16.07.2025;WO073715;B-LINE;108.00;130;0;HR-BLINE;69.86;72.22;2.36
16.07.2025;WO073715;B-LINE;108.00;395;6;HR-BLINE;248.51;219.44;-29.07
16.07.2025;WO073717;B-LINE;108.00;200;0;HR-BLINE;114.79;111.11;-3.68
16.07.2025;WO073717;B-LINE;108.00;325;10;HR-BLINE;211.50;180.56;-30.94
15.07.2025;WO071579;GS-MTM;7.00;47;0;HR-CPLINE;0.39;402.86;402.47
15.07.2025;WO071687;F-LINE;12.50;37;0;HR-ELINE;166.43;177.60;11.17
15.07.2025;WO072502;GS-MTM;25.00;52;0;HR-CPLINE;0.34;124.80;124.46
15.07.2025;WO072502;GS-MTM;25.00;98;0;HR-ELINE;162.40;235.20;72.80
15.07.2025;WO072880;F-LINE;12.50;1;0;HR-CPLINE;0.40;4.80;4.40
15.07.2025;WO072893;F-LINE;13.00;48;0;HR-CPLINE;61.54;221.54;160.00
15.07.2025;WO072925;F-LINE;12.50;100;0;HR-ELINE;302.40;480.00;177.60
15.07.2025;WO072932;G-LINE;16.00;16;0;HR-ELINE;0.55;60.00;59.45
15.07.2025;WO072932;G-LINE;16.00;30;0;HR-ELINE;0.58;112.50;111.92
15.07.2025;WO072932;G-LINE;16.00;124;0;HR-CPLINE;0.41;465.00;464.59
15.07.2025;WO073100;GS-SOK;3.00;12;0;HR-GS-SPINNER;0.85;240.00;239.15
15.07.2025;WO073188;G-LINE;16.00;35;0;HR-ELINE;0.64;131.25;130.61
15.07.2025;WO073195;F-LINE;13.50;70;0;HR-ELINE;0.22;311.11;310.89
15.07.2025;WO073221;GS-MTM;2.50;10;0;HR-GS-SPINNER;0.96;240.00;239.04
15.07.2025;WO073276;GS-SOK;3.00;8;0;HR-GS-SPINNER;1.08;160.00;158.92
15.07.2025;WO073548;GS-LINE;1.50;2;0;HR-GS-SPINNER;0.37;80.00;79.63
15.07.2025;WO073554;G-LINE;12.00;44;0;HR-ELINE;160.61;220.00;59.39
15.07.2025;WO073624;B-LINE;108.00;360;5;HR-BLINE;185.16;200.00;14.84
15.07.2025;WO073725;B-LINE;108.00;95;0;HR-BLINE;71.82;52.78;-19.04
15.07.2025;WO073725;B-LINE;108.00;430;0;HR-BLINE;1107.89;238.89;-869.00
14.07.2025;WO072436;E-LINE;23.00;100;0;HR-CPLINE;740.11;260.87;-479.24
14.07.2025;WO072801;G-LINE;16.00;21;0;HR-CPLINE;0.50;78.75;78.25
14.07.2025;WO072880;F-LINE;12.50;2;0;HR-CPLINE;0.35;9.60;9.25
14.07.2025;WO072880;F-LINE;12.50;27;0;HR-CPLINE;0.60;129.60;129.00
14.07.2025;WO073100;G-LINE;16.00;2;0;HR-GS-SPINNER;0.29;7.50;7.21
14.07.2025;WO073100;G-LINE;16.00;30;0;HR-GS-SPINNER;0.36;112.50;112.14
14.07.2025;WO073100;GS-SOK;3.00;20;0;HR-GS-SPINNER;1.15;400.00;398.85
14.07.2025;WO073190;E-LINE;24.00;130;0;HR-ELINE;0.40;325.00;324.60
14.07.2025;WO073719;B-LINE;108.00;525;1;HR-BLINE;301.23;291.67;-9.56
14.07.2025;WO073722;B-LINE;108.00;160;2;HR-BLINE;284.06;88.89;-195.17
14.07.2025;WO073722;B-LINE;108.00;365;0;HR-BLINE;298.57;202.78;-95.79
14.07.2025;WO073723;B-LINE;108.00;250;2;HR-BLINE;1.11;138.89;137.78
14.07.2025;WO073723;B-LINE;108.00;275;0;HR-BLINE;179.12;152.78;-26.34
14.07.2025;WO073785;GS-DUAL;2.00;2;0;HR-GS-SPINNER;0.41;60.00;59.59
14.07.2025;WO073786;GS-LINE;1.20;2;0;HR-GS-SPINNER;0.42;100.00;99.58
14.07.2025;WO073788;GS-DUAL;2.00;2;0;HR-GS-SPINNER;0.67;60.00;59.33
13.07.2025;WO072500;A-LINE;102.00;150;2;HR-BLINE;31.88;88.24;56.36
13.07.2025;WO073711;B-LINE;108.00;525;2;HR-BLINE;302.05;291.67;-10.38
13.07.2025;WO073714;B-LINE;108.00;165;0;HR-BLINE;221.91;91.67;-130.24
13.07.2025;WO073716;B-LINE;108.00;180;2;HR-BLINE;221.00;100.00;-121.00
13.07.2025;WO073716;B-LINE;108.00;345;0;HR-BLINE;156.24;191.67;35.43
13.07.2025;WO073718;B-LINE;108.00;195;0;HR-BLINE;149.98;108.33;-41.65
13.07.2025;WO073718;B-LINE;108.00;330;4;HR-BLINE;224.61;183.33;-41.28
12.07.2025;WO072439;E-LINE;24.00;7;0;HR-ELINE;0.45;17.50;17.05
12.07.2025;WO072493;E-LINE;25.00;25;0;HR-CPLINE;0.33;60.00;59.67
12.07.2025;WO072742;B-LINE;108.00;220;0;HR-BLINE;152.06;122.22;-29.84
12.07.2025;WO072801;G-LINE;16.00;10;0;HR-ELINE;0.74;37.50;36.76
12.07.2025;WO072801;G-LINE;16.00;25;0;HR-ELINE;11.75;93.75;82.00
12.07.2025;WO072852;G-LINE;15.00;20;0;HR-ELINE;0.32;80.00;79.68
12.07.2025;WO072877;G-LINE;15.00;33;0;HR-CPLINE;0.29;132.00;131.71
12.07.2025;WO072880;F-LINE;12.50;30;0;HR-CPLINE;2.07;144.00;141.93
12.07.2025;WO072880;F-LINE;12.50;89;0;HR-ELINE;1.02;427.20;426.18
12.07.2025;WO072886;G-LINE;15.00;50;0;HR-ELINE;1.04;200.00;198.96
12.07.2025;WO073545;GS-LINE;1.20;1;0;HR-GS-SPINNER;0.84;50.00;49.16
12.07.2025;WO073622;B-LINE;108.00;210;0;HR-BLINE;205.53;116.67;-88.86
12.07.2025;WO073712;B-LINE;108.00;185;0;HR-BLINE;230.57;102.78;-127.79
12.07.2025;WO073712;B-LINE;108.00;340;0;HR-BLINE;223.24;188.89;-34.35
12.07.2025;WO073714;B-LINE;108.00;360;2;HR-BLINE;227.09;200.00;-27.09
12.07.2025;WO073780;GS-LINE;1.20;2;0;HR-GS-SPINNER;0.81;100.00;99.19
12.07.2025;WO073787;GS-LINE;1.20;2;0;HR-GS-SPINNER;0.52;100.00;99.48
11.07.2025;WO072133;F-LINE;13.00;14;0;HR-CPLINE;0.79;64.62;63.83
11.07.2025;WO072133;F-LINE;13.00;36;0;HR-CPLINE;0.37;166.15;165.78
11.07.2025;WO072439;E-LINE;24.00;7;0;HR-ELINE;1.16;17.50;16.34
11.07.2025;WO072484;B-LINE;108.00;400;2;HR-BLINE;240.08;222.22;-17.86
11.07.2025;WO072485;B-LINE;108.00;180;4;HR-BLINE;108.67;100.00;-8.67
11.07.2025;WO072485;B-LINE;108.00;220;0;HR-BLINE;132.01;122.22;-9.79
11.07.2025;WO072493;E-LINE;25.00;43;0;HR-ELINE;0.43;103.20;102.77
11.07.2025;WO072495;B-LINE;108.00;100;0;HR-BLINE;61.68;55.56;-6.12
11.07.2025;WO072743;B-LINE;108.00;87;8;HR-BLINE;83.07;48.33;-34.74
11.07.2025;WO072743;B-LINE;108.00;363;25;HR-BLINE;247.73;201.67;-46.06
11.07.2025;WO072799;G-LINE;16.00;97;0;HR-ELINE;120.61;363.75;243.14
11.07.2025;WO072807;E-LINE;23.00;125;0;HR-ELINE;1.58;326.09;324.51
11.07.2025;WO072877;G-LINE;15.00;50;0;HR-ELINE;256.83;200.00;-56.83
11.07.2025;WO072905;F-LINE;15.00;5;0;HR-ELINE;0.33;20.00;19.67
11.07.2025;WO072937;F-LINE;13.00;110;0;HR-ELINE;0.34;507.69;507.35
11.07.2025;WO073274;G-LINE;16.00;3;4;HR-ELINE;0.45;11.25;10.80
11.07.2025;WO073545;GS-LINE;1.20;1;0;HR-GS-SPINNER;0.65;50.00;49.35
11.07.2025;WO073552;GS-LINE;1.20;2;0;HR-GS-SPINNER;0.48;100.00;99.52
11.07.2025;WO073555;GS-LINE;1.20;6;0;HR-GS-SPINNER;0.60;300.00;299.40
11.07.2025;WO073704;B-LINE;108.00;100;0;HR-BLINE;71.04;55.56;-15.48
11.07.2025;WO073704;B-LINE;108.00;110;0;HR-BLINE;78.80;61.11;-17.69
10.07.2025;WO071505;G-LINE;16.50;72;0;HR-ELINE;0.51;261.82;261.31
10.07.2025;WO072132;GS-MTM;7.00;40;0;HR-GS-SPINNER;4.48;342.86;338.38
10.07.2025;WO072506;B-LINE;108.00;100;0;HR-BLINE;65.83;55.56;-10.27
10.07.2025;WO072557;C-LINE;54.50;924;0;HR-CPLINE;0.54;1017.25;1016.71
10.07.2025;WO072788;E-LINE;25.00;96;0;HR-ELINE;1.08;230.40;229.32
10.07.2025;WO072799;G-LINE;16.00;71;0;HR-ELINE;294.56;266.25;-28.31
10.07.2025;WO072905;F-LINE;15.00;25;0;HR-ELINE;115.79;100.00;-15.79
10.07.2025;WO072930;F-LINE;13.00;24;0;HR-ELINE;106.89;110.77;3.88
10.07.2025;WO072930;F-LINE;13.00;100;0;HR-ELINE;0.62;461.54;460.92
10.07.2025;WO072930;F-LINE;13.00;102;0;HR-ELINE;146.62;470.77;324.15
10.07.2025;WO073025;G-LINE;16.50;60;0;HR-ELINE;77.34;218.18;140.84
10.07.2025;WO073035;G-LINE;17.00;12;0;HR-ELINE;0.41;42.35;41.94
10.07.2025;WO073076;G-LINE;16.00;50;0;HR-CPLINE;0.27;187.50;187.23
10.07.2025;WO073230;A-LINE;100.00;545;11;HR-BLINE;187.36;327.00;139.64
10.07.2025;WO073588;F-LINE;13.00;1;0;HR-ELINE;0.31;4.62;4.31
10.07.2025;WO073706;B-LINE;108.00;10;0;HR-BLINE;0.28;5.56;5.28
10.07.2025;WO073706;B-LINE;108.00;440;0;HR-BLINE;0.56;244.44;243.88
09.07.2025;WO071505;G-LINE;16.50;23;0;HR-ELINE;123.26;83.64;-39.62
09.07.2025;WO071505;G-LINE;16.50;32;0;HR-CPLINE;1.27;116.36;115.09
09.07.2025;WO072487;E-LINE;24.00;160;0;HR-ELINE;0.61;400.00;399.39
09.07.2025;WO072499;G-LINE;16.00;20;0;HR-CPLINE;1.27;75.00;73.73
09.07.2025;WO072758;F-LINE;13.00;10;0;HR-DLINE;0.36;46.15;45.79
09.07.2025;WO072759;F-LINE;13.00;10;0;HR-DLINE;0.40;46.15;45.75
09.07.2025;WO072789;F-LINE;13.50;13;0;HR-ELINE;0.37;57.78;57.41
09.07.2025;WO072789;F-LINE;13.50;37;0;HR-ELINE;166.14;164.44;-1.70
09.07.2025;WO072791;C-LINE;55.00;140;0;HR-BLINE;289.09;152.73;-136.36
09.07.2025;WO072792;E-LINE;25.00;100;0;HR-ELINE;1.19;240.00;238.81
09.07.2025;WO072813;GS-MTM;7.00;40;0;HR-ELINE;0.92;342.86;341.94
09.07.2025;WO072930;F-LINE;13.00;24;0;HR-ELINE;168.20;110.77;-57.43
09.07.2025;WO073230;A-LINE;100.00;265;4;HR-BLINE;41.00;159.00;118.00
09.07.2025;WO073285;GS-SOK;3.00;50;0;HR-GS-SPINNER;1419.10;1000.00;-419.10
09.07.2025;WO073373;G-LINE;16.00;14;0;HR-DLINE;1.45;52.50;51.05
09.07.2025;WO073424;GS-DUAL;2.00;2;0;HR-CPLINE;0.46;60.00;59.54
09.07.2025;WO073583;G-LINE;16.50;60;0;HR-ELINE;211.95;218.18;6.23
09.07.2025;WO073635;B-LINE;108.00;525;4;HR-BLINE;322.05;291.67;-30.38
09.07.2025;WO073706;B-LINE;108.00;35;0;HR-BLINE;19.12;19.44;0.32
09.07.2025;WO074019;B-LINE;130.00;300;0;HR-BLINE;358.72;138.46;-220.26
08.07.2025;WO072133;F-LINE;13.00;15;0;HR-CPLINE;0.54;69.23;68.69
08.07.2025;WO072133;F-LINE;13.00;40;0;HR-CPLINE;75.98;184.62;108.64
08.07.2025;WO072133;F-LINE;13.00;45;0;HR-ELINE;0.32;207.69;207.37
08.07.2025;WO072194;C-LINE;55.00;200;10;HR-BLINE;0.60;218.18;217.58
08.07.2025;WO072857;F-LINE;13.00;13;0;HR-ELINE;0.39;60.00;59.61
08.07.2025;WO072929;G-LINE;16.00;89;0;HR-ELINE;0.47;333.75;333.28
08.07.2025;WO073076;G-LINE;16.00;100;0;HR-CPLINE;3.29;375.00;371.71
08.07.2025;WO073318;GS-LINE;1.20;2;0;HR-GS-SPINNER;0.36;100.00;99.64
08.07.2025;WO073324;MTM-SBM;2.00;2;0;HR-GS-SPINNER;0.37;60.00;59.63
08.07.2025;WO073423;D-LINE;5.00;6;0;HR-GS-SPINNER;0.59;72.00;71.41
08.07.2025;WO073423;GS-DUAL;2.00;6;0;HR-GS-SPINNER;0.40;180.00;179.60
08.07.2025;WO073427;F-LINE;13.00;2;0;HR-GS-SPINNER;0.44;9.23;8.79
08.07.2025;WO073427;GS-DUAL;2.00;2;0;HR-GS-SPINNER;21.70;60.00;38.30
08.07.2025;WO073495;D-LINE;5.00;2;0;HR-GS-SPINNER;0.26;24.00;23.74
08.07.2025;WO073495;GS-DUAL;2.00;2;0;HR-GS-SPINNER;0.46;60.00;59.54
08.07.2025;WO073502;GS-LINE;1.20;2;0;HR-GS-SPINNER;0.75;100.00;99.25
08.07.2025;WO073632;B-LINE;108.00;215;0;HR-BLINE;148.09;119.44;-28.65
08.07.2025;WO073633;B-LINE;108.00;420;5;HR-BLINE;258.34;233.33;-25.01
08.07.2025;WO073707;B-LINE;108.00;50;0;HR-BLINE;48.90;27.78;-21.12
08.07.2025;WO073707;B-LINE;108.00;475;16;HR-BLINE;352.65;263.89;-88.76
08.07.2025;WO073710;B-LINE;108.00;60;1;HR-BLINE;89.23;33.33;-55.90
08.07.2025;WO073710;B-LINE;108.00;90;0;HR-BLINE;54.25;50.00;-4.25
08.07.2025;WO073710;B-LINE;108.00;480;7;HR-BLINE;284.30;266.67;-17.63
07.07.2025;WO071505;G-LINE;16.50;17;0;HR-ELINE;0.26;61.82;61.56
07.07.2025;WO072030;D-LINE;12.50;10;0;HR-ELINE;0.26;48.00;47.74
07.07.2025;WO072345;GS-SOK;3.00;3;0;HR-GS-SPINNER;2.39;60.00;57.61
07.07.2025;WO072806;E-LINE;24.00;75;0;HR-ELINE;0.29;187.50;187.21
07.07.2025;WO072813;GS-MTM;7.00;40;0;HR-ELINE;0.50;342.86;342.36
07.07.2025;WO072857;F-LINE;13.00;87;0;HR-ELINE;1.78;401.54;399.76
07.07.2025;WO072929;G-LINE;16.00;9;0;HR-CPLINE;0.41;33.75;33.34
07.07.2025;WO072929;G-LINE;16.00;40;0;HR-CPLINE;0.48;150.00;149.52
07.07.2025;WO072959;E-LINE;24.00;48;0;HR-ELINE;0.26;120.00;119.74
07.07.2025;WO073226;B-LINE;102.00;360;8;HR-BLINE;0.53;211.76;211.23
07.07.2025;WO073227;B-LINE;102.00;360;12;HR-BLINE;0.40;211.76;211.36
07.07.2025;WO073425;GS-SOK;3.00;2;0;HR-GS-SPINNER;0.74;40.00;39.26
07.07.2025;WO073435;GS-SOK;3.00;20;0;HR-GS-SPINNER;1.36;400.00;398.64
07.07.2025;WO073480;F-LINE;13.00;2;0;HR-GS-SPINNER;0.31;9.23;8.92
07.07.2025;WO073480;GS-DUAL;2.00;2;0;HR-GS-SPINNER;0.45;60.00;59.55
07.07.2025;WO073626;B-LINE;108.00;1;0;HR-BLINE;162.19;0.56;-161.63
07.07.2025;WO073626;B-LINE;108.00;25;0;HR-BLINE;14.66;13.89;-0.77
07.07.2025;WO073626;B-LINE;108.00;499;5;HR-BLINE;125.93;277.22;151.29
07.07.2025;WO073629;B-LINE;108.00;70;4;HR-BLINE;87.52;38.89;-48.63
07.07.2025;WO073629;B-LINE;108.00;455;19;HR-BLINE;345.52;252.78;-92.74
07.07.2025;WO073632;B-LINE;108.00;310;4;HR-BLINE;167.73;172.22;4.49
06.07.2025;WO072815;B-LINE;102.00;150;0;HR-BLINE;113.44;88.24;-25.20
06.07.2025;WO072815;B-LINE;102.00;390;8;HR-BLINE;286.74;229.41;-57.33
06.07.2025;WO073127;B-LINE;102.00;140;2;HR-BLINE;21.68;82.35;60.67
05.07.2025;WO072133;F-LINE;13.00;33;0;HR-ELINE;0.30;152.31;152.01
05.07.2025;WO072491;C-LINE;23.00;230;0;HR-BLINE;301.73;600.00;298.27
05.07.2025;WO072803;E-LINE;23.00;50;0;HR-ELINE;167.01;130.43;-36.58
05.07.2025;WO072806;E-LINE;24.00;21;0;HR-ELINE;46.38;52.50;6.12
05.07.2025;WO072929;G-LINE;16.00;74;0;HR-ELINE;0.26;277.50;277.24
05.07.2025;WO072936;E-LINE;24.00;60;0;HR-ELINE;0.26;150.00;149.74
05.07.2025;WO073127;B-LINE;102.00;80;5;HR-BLINE;0.48;47.06;46.58
05.07.2025;WO073132;A-LINE;100.00;600;5;HR-BLINE;248.52;360.00;111.48
05.07.2025;WO073133;A-LINE;100.00;615;5;HR-BLINE;360.58;369.00;8.42
05.07.2025;WO073463;GS-LINE;1.50;2;0;HR-GS-SPINNER;1.11;80.00;78.89
05.07.2025;WO073464;GS-LINE;1.50;2;0;HR-GS-SPINNER;0.54;80.00;79.46
05.07.2025;WO073481;GS-LINE;1.50;2;0;HR-GS-SPINNER;0.49;80.00;79.51
05.07.2025;WO073640;F-LINE;13.00;4;0;HR-ELINE;0.29;18.46;18.17
04.07.2025;WO072012;F-LINE;13.00;60;0;HR-ELINE;140.70;276.92;136.22
04.07.2025;WO072012;F-LINE;13.00;96;0;HR-ELINE;0.27;443.08;442.81
04.07.2025;WO072012;F-LINE;13.00;161;0;HR-ELINE;0.93;743.08;742.15
04.07.2025;WO072473;A-LINE;100.00;500;5;HR-BLINE;357.20;300.00;-57.20
04.07.2025;WO072813;GS-MTM;7.00;40;0;HR-CPLINE;0.41;342.86;342.45
04.07.2025;WO072929;G-LINE;16.00;1;0;HR-ELINE;119.87;3.75;-116.12
04.07.2025;WO072929;G-LINE;16.00;74;0;HR-ELINE;271.45;277.50;6.05
04.07.2025;WO072929;G-LINE;16.00;163;0;HR-ELINE;0.33;611.25;610.92
04.07.2025;WO073052;GS-LINE;1.50;2;0;HR-GS-SPINNER;0.51;80.00;79.49
04.07.2025;WO073126;B-LINE;102.00;400;0;HR-BLINE;146.25;235.29;89.04
04.07.2025;WO073127;B-LINE;102.00;180;14;HR-BLINE;161.32;105.88;-55.44
04.07.2025;WO073129;B-LINE;102.00;200;0;HR-BLINE;216.31;117.65;-98.66
04.07.2025;WO073420;G-LINE;16.00;4;0;HR-ELINE;0.23;15.00;14.77
04.07.2025;WO073421;GS-LINE;1.20;2;0;HR-GS-SPINNER;0.51;100.00;99.49
04.07.2025;WO073422;GS-LINE;1.20;2;0;HR-GS-SPINNER;0.50;100.00;99.50
03.07.2025;WO071882;A-LINE;100.00;325;19;HR-BLINE;255.51;195.00;-60.51
03.07.2025;WO072012;F-LINE;13.00;3;0;HR-CPLINE;0.87;13.85;12.98
03.07.2025;WO072012;F-LINE;13.00;60;0;HR-ELINE;0.25;276.92;276.67
03.07.2025;WO072012;F-LINE;13.00;80;0;HR-ELINE;77.47;369.23;291.76
03.07.2025;WO072478;C-LINE;51.00;44;7;HR-BLINE;0.67;51.76;51.09
03.07.2025;WO072478;C-LINE;51.00;61;0;HR-BLINE;0.32;71.76;71.44
03.07.2025;WO072491;C-LINE;23.00;70;1;HR-BLINE;95.96;182.61;86.65
03.07.2025;WO072493;E-LINE;25.00;5;0;HR-CPLINE;0.37;12.00;11.63
03.07.2025;WO072496;C-LINE;23.00;200;20;HR-BLINE;315.36;521.74;206.38
03.07.2025;WO072813;GS-MTM;7.00;38;0;HR-CPLINE;1.05;325.71;324.66
03.07.2025;WO072891;F-LINE;13.00;60;0;HR-ELINE;1.20;276.92;275.72
03.07.2025;WO072915;G-LINE;16.00;70;0;HR-ELINE;0.55;262.50;261.95
03.07.2025;WO072929;G-LINE;16.00;50;0;HR-ELINE;80.92;187.50;106.58
03.07.2025;WO073102;GS-LINE;1.20;6;0;HR-GS-SPINNER;6.71;300.00;293.29
03.07.2025;WO073103;GS-LINE;1.20;6;0;HR-GS-SPINNER;0.81;300.00;299.19
03.07.2025;WO073216;G-LINE;10.00;1;0;HR-CPLINE;0.24;6.00;5.76
03.07.2025;WO073281;GS-LINE;1.20;4;0;HR-GS-SPINNER;0.87;200.00;199.13
03.07.2025;WO073376;G-LINE;16.50;10;0;HR-ELINE;0.81;36.36;35.55
03.07.2025;WO073589;C-LINE;55.00;8;0;HR-BLINE;0.27;8.73;8.46
03.07.2025;WO073923;E-LINE;24.00;60;0;HR-ELINE;79.34;150.00;70.66
02.07.2025;WO072012;F-LINE;13.00;7;0;HR-ELINE;0.33;32.31;31.98
02.07.2025;WO072012;F-LINE;13.00;33;0;HR-DLINE;0.71;152.31;151.60
02.07.2025;WO072012;F-LINE;13.00;60;0;HR-ELINE;382.25;276.92;-105.33
02.07.2025;WO072132;GS-MTM;7.00;79;0;HR-GS-SPINNER;2.06;677.14;675.08
02.07.2025;WO072478;C-LINE;51.00;30;2;HR-BLINE;0.99;35.29;34.30
02.07.2025;WO072478;C-LINE;51.00;65;2;HR-BLINE;0.51;76.47;75.96
02.07.2025;WO072493;E-LINE;25.00;1;0;HR-ELINE;635.41;2.40;-633.01
02.07.2025;WO072756;E-LINE;7.50;48;0;HR-ELINE;0.31;384.00;383.69
02.07.2025;WO072813;GS-MTM;7.00;2;0;HR-GS-SPINNER;0.39;17.14;16.75
02.07.2025;WO072909;A-LINE;100.00;300;4;HR-BLINE;0.54;180.00;179.46
02.07.2025;WO073080;G-LINE;15.00;42;0;HR-ELINE;221.24;168.00;-53.24
02.07.2025;WO073153;GS-LINE;1.20;2;0;HR-GS-SPINNER;0.55;100.00;99.45
02.07.2025;WO073181;GS-LINE;1.20;2;0;HR-GS-SPINNER;0.48;100.00;99.52
02.07.2025;WO073222;GS-LINE;1.20;2;0;HR-GS-SPINNER;0.72;100.00;99.28
02.07.2025;WO073280;GS-LINE;1.20;2;0;HR-GS-SPINNER;0.64;100.00;99.36
02.07.2025;WO073314;GS-LINE;1.50;1;0;HR-GS-SPINNER;0.41;40.00;39.59
02.07.2025;WO073434;GS-LINE;1.20;2;0;HR-GS-SPINNER;0.45;100.00;99.55
02.07.2025;WO073448;G-LINE;16.50;4;0;HR-ELINE;0.61;14.55;13.94
02.07.2025;WO073455;G-LINE;18.00;2;0;HR-ELINE;0.26;6.67;6.41
02.07.2025;WO073586;G-LINE;16.00;20;0;HR-ELINE;0.23;75.00;74.77
01.07.2025;WO072382;E-LINE;23.00;30;0;HR-ELINE;0.36;78.26;77.90
01.07.2025;WO072488;F-LINE;15.00;54;0;HR-ELINE;2.90;216.00;213.10
01.07.2025;WO072493;E-LINE;25.00;115;0;HR-ELINE;0.63;276.00;275.37
01.07.2025;WO072504;B-LINE;102.00;150;5;HR-BLINE;152.76;88.24;-64.52
01.07.2025;WO072860;E-LINE;24.00;60;0;HR-ELINE;0.37;150.00;149.63
01.07.2025;WO072931;F-LINE;13.00;95;0;HR-ELINE;0.25;438.46;438.21
01.07.2025;WO073017;B-LINE;110.00;161;0;HR-BLINE;220.35;87.82;-132.53
01.07.2025;WO073017;B-LINE;110.00;170;5;HR-BLINE;319.84;92.73;-227.11
01.07.2025;WO073125;B-LINE;102.00;70;0;HR-BLINE;38.64;41.18;2.54
01.07.2025;WO073125;B-LINE;102.00;80;0;HR-BLINE;73.48;47.06;-26.42
01.07.2025;WO073586;G-LINE;16.00;80;0;HR-ELINE;0.52;300.00;299.48
30.06.2025;WO072012;F-LINE;13.00;45;0;HR-ELINE;0.38;207.69;207.31
30.06.2025;WO072012;F-LINE;13.00;55;0;HR-ELINE;0.56;253.85;253.29
30.06.2025;WO072138;GS-MTM;7.00;7;0;HR-CPLINE;3.53;60.00;56.47
30.06.2025;WO072138;GS-MTM;7.00;8;0;HR-CPLINE;0.26;68.57;68.31
30.06.2025;WO072138;GS-MTM;7.00;32;0;HR-GS-SPINNER;0.33;274.29;273.96
30.06.2025;WO072493;E-LINE;25.00;11;0;HR-ELINE;0.92;26.40;25.48
30.06.2025;WO072527;G-LINE;16.50;15;0;HR-ELINE;0.28;54.55;54.27
30.06.2025;WO072560;B-LINE;102.00;74;0;HR-BLINE;168.21;43.53;-124.68
30.06.2025;WO072564;B-LINE;102.00;230;6;HR-BLINE;198.13;135.29;-62.84
30.06.2025;WO072564;B-LINE;102.00;370;5;HR-BLINE;290.63;217.65;-72.98
30.06.2025;WO072756;E-LINE;7.50;10;0;HR-ELINE;0.33;80.00;79.67
30.06.2025;WO072931;F-LINE;13.00;16;0;HR-ELINE;36.64;73.85;37.21
30.06.2025;WO072931;F-LINE;13.00;25;0;HR-ELINE;0.35;115.38;115.03
30.06.2025;WO072931;F-LINE;13.00;32;0;HR-ELINE;0.73;147.69;146.96
30.06.2025;WO072948;F-LINE;13.00;16;0;HR-ELINE;0.23;73.85;73.62
30.06.2025;WO073017;B-LINE;110.00;69;1;HR-BLINE;290.87;37.64;-253.23
30.06.2025;WO073037;F-LINE;13.00;28;0;HR-ELINE;282.09;129.23;-152.86
30.06.2025;WO073371;E-LINE;24.00;10;0;HR-ELINE;0.37;25.00;24.63
30.06.2025;WO073372;G-LINE;16.00;10;0;HR-ELINE;0.35;37.50;37.15
30.06.2025;WO073426;F-LINE;13.00;4;0;HR-DLINE;0.42;18.46;18.04
30.06.2025;WO073573;G-LINE;10.00;72;0;HR-ELINE;0.39;432.00;431.61
29.06.2025;WO071952;C-LINE;54.50;340;0;HR-BLINE;484.83;374.31;-110.52
29.06.2025;WO072560;B-LINE;102.00;330;5;HR-BLINE;463.32;194.12;-269.20
29.06.2025;WO072793;A-LINE;100.00;250;6;HR-BLINE;329.91;150.00;-179.91
28.06.2025;WO072132;GS-MTM;7.00;4;0;HR-GS-SPINNER;0.27;34.29;34.02
28.06.2025;WO072138;GS-MTM;7.00;40;0;HR-GS-SPINNER;0.32;342.86;342.54
28.06.2025;WO072488;F-LINE;15.00;1;0;HR-CPLINE;1.43;4.00;2.57
28.06.2025;WO072488;F-LINE;15.00;1;0;HR-ELINE;406.57;4.00;-402.57
28.06.2025;WO072488;F-LINE;15.00;12;0;HR-CPLINE;0.46;48.00;47.54
28.06.2025;WO072527;G-LINE;16.50;35;0;HR-ELINE;0.55;127.27;126.72
28.06.2025;WO072560;B-LINE;102.00;15;0;HR-BLINE;11.69;8.82;-2.87
28.06.2025;WO072744;B-LINE;108.00;80;8;HR-BLINE;105.53;44.44;-61.09
28.06.2025;WO072744;B-LINE;108.00;220;0;HR-BLINE;411.34;122.22;-289.12
28.06.2025;WO072816;G-LINE;16.00;10;0;HR-ELINE;0.40;37.50;37.10
28.06.2025;WO072816;G-LINE;16.00;15;0;HR-ELINE;0.35;56.25;55.90
28.06.2025;WO072869;GS-MTM;7.00;100;0;HR-CPLINE;3953.10;857.14;-3095.96
28.06.2025;WO072933;G-LINE;16.00;32;0;HR-ELINE;0.57;120.00;119.43
28.06.2025;WO072933;G-LINE;16.00;80;0;HR-ELINE;228.23;300.00;71.77
28.06.2025;WO072935;E-LINE;24.00;100;0;HR-ELINE;0.76;250.00;249.24
28.06.2025;WO072948;F-LINE;13.00;73;0;HR-ELINE;0.37;336.92;336.55
28.06.2025;WO072948;F-LINE;13.00;87;0;HR-ELINE;0.30;401.54;401.24
28.06.2025;WO073015;B-LINE;108.00;290;0;HR-BLINE;264.47;161.11;-103.36
28.06.2025;WO073128;B-LINE;110.00;100;0;HR-BLINE;184.35;54.55;-129.80
27.06.2025;WO071682;E-LINE;23.00;60;0;HR-ELINE;0.21;156.52;156.31
27.06.2025;WO072132;GS-MTM;7.00;30;0;HR-ELINE;0.61;257.14;256.53
27.06.2025;WO072132;GS-MTM;7.00;50;0;HR-CPLINE;0.44;428.57;428.13
27.06.2025;WO072475;E-LINE;24.00;50;0;HR-ELINE;0.45;125.00;124.55
27.06.2025;WO072488;F-LINE;15.00;82;0;HR-ELINE;0.27;328.00;327.73
27.06.2025;WO072489;F-LINE;15.00;40;0;HR-ELINE;0.22;160.00;159.78
27.06.2025;WO072489;F-LINE;15.00;110;0;HR-ELINE;277.84;440.00;162.16
27.06.2025;WO072531;B-LINE;108.00;270;3;HR-BLINE;399.41;150.00;-249.41
27.06.2025;WO072531;B-LINE;108.00;330;5;HR-BLINE;375.36;183.33;-192.03
27.06.2025;WO072569;GS-LINE;1.50;2;0;HR-GS-SPINNER;1.19;80.00;78.81
27.06.2025;WO072665;GS-LINE;1.20;4;0;HR-GS-SPINNER;0.56;200.00;199.44
27.06.2025;WO072787;G-LINE;15.00;40;0;HR-ELINE;0.27;160.00;159.73
27.06.2025;WO072817;G-LINE;16.00;42;0;HR-ELINE;0.45;157.50;157.05
27.06.2025;WO072817;G-LINE;16.00;85;0;HR-ELINE;0.30;318.75;318.45
27.06.2025;WO072817;G-LINE;16.00;97;2;HR-ELINE;292.61;363.75;71.14
27.06.2025;WO072933;G-LINE;16.00;2;0;HR-CPLINE;1.00;7.50;6.50
27.06.2025;WO072933;G-LINE;16.00;4;0;HR-CPLINE;0.35;15.00;14.65
27.06.2025;WO072933;G-LINE;16.00;50;0;HR-ELINE;0.82;187.50;186.68
27.06.2025;WO072948;F-LINE;13.00;1;0;HR-ELINE;3.10;4.62;1.52
27.06.2025;WO072948;F-LINE;13.00;123;0;HR-ELINE;0.32;567.69;567.37
27.06.2025;WO073013;B-LINE;108.00;95;0;HR-BLINE;63.71;52.78;-10.93
27.06.2025;WO073013;B-LINE;108.00;105;3;HR-BLINE;90.26;58.33;-31.93
27.06.2025;WO073015;B-LINE;108.00;310;0;HR-BLINE;0.38;172.22;171.84
27.06.2025;WO073377;G-LINE;15.00;60;0;HR-ELINE;0.28;240.00;239.72
27.06.2025;WO073458;GS-LINE;1.20;2;0;HR-GS-SPINNER;0.86;100.00;99.14
26.06.2025;WO072138;GS-MTM;7.00;40;0;HR-ELINE;0.28;342.86;342.58
26.06.2025;WO072138;GS-MTM;7.00;40;0;HR-GS-SPINNER;0.32;342.86;342.54
26.06.2025;WO072535;B-LINE;108.00;230;4;HR-BLINE;16.55;127.78;111.23
26.06.2025;WO072535;B-LINE;108.00;260;0;HR-BLINE;265.91;144.44;-121.47
26.06.2025;WO072535;B-LINE;108.00;510;0;HR-BLINE;459.49;283.33;-176.16
26.06.2025;WO072543;G-LINE;17.00;50;0;HR-ELINE;0.31;176.47;176.16
26.06.2025;WO072816;G-LINE;16.00;38;0;HR-ELINE;1692.62;142.50;-1550.12
26.06.2025;WO072816;G-LINE;16.00;161;0;HR-ELINE;0.89;603.75;602.86
26.06.2025;WO072933;G-LINE;16.00;22;0;HR-CPLINE;0.55;82.50;81.95
26.06.2025;WO072933;G-LINE;16.00;60;2;HR-ELINE;0.40;225.00;224.60
26.06.2025;WO073836;G-LINE;17.00;23;0;HR-DLINE;0.94;81.18;80.24
26.06.2025;WO073836;G-LINE;17.00;101;1;HR-ELINE;175.30;356.47;181.17
25.06.2025;WO070603;C-LINE;108.00;120;0;HR-PCPLINE;0.67;66.67;66.00
25.06.2025;WO071666;E-LINE;23.00;60;0;HR-ELINE;149.01;156.52;7.51
25.06.2025;WO071687;F-LINE;12.50;24;0;HR-ELINE;0.35;115.20;114.85
25.06.2025;WO071962;B-LINE;102.00;94;0;HR-BLINE;75.14;55.29;-19.85
25.06.2025;WO071962;B-LINE;102.00;145;0;HR-BLINE;135.55;85.29;-50.26
25.06.2025;WO072536;C-LINE;51.00;100;3;HR-BLINE;155.13;117.65;-37.48
25.06.2025;WO072537;E-LINE;24.00;100;0;HR-ELINE;0.33;250.00;249.67
25.06.2025;WO072560;B-LINE;102.00;121;0;HR-BLINE;0.47;71.18;70.71
25.06.2025;WO072823;E-LINE;14.00;7;0;HR-ELINE;0.24;30.00;29.76
25.06.2025;WO072866;E-LINE;24.00;60;0;HR-DLINE;0.36;150.00;149.64
25.06.2025;WO072869;A-LINE;7.00;100;0;HR-GS-SPINNER;0.20;857.14;856.94
25.06.2025;WO072869;E-LINE;18.00;100;0;HR-GS-SPINNER;0.16;333.33;333.17
25.06.2025;WO072916;E-LINE;23.00;230;0;HR-ELINE;247.40;600.00;352.60
25.06.2025;WO072976;E-LINE;23.00;12;0;HR-ELINE;0.39;31.30;30.91
25.06.2025;WO073277;F-LINE;13.00;94;0;HR-ELINE;264.14;433.85;169.71
25.06.2025;WO073627;C-LINE;23.00;210;0;HR-BLINE;249.90;547.83;297.93
24.06.2025;WO071955;B-LINE;108.00;500;2;HR-BLINE;335.90;277.78;-58.12
24.06.2025;WO071956;B-LINE;108.00;90;2;HR-BLINE;53.86;50.00;-3.86
24.06.2025;WO071956;B-LINE;108.00;660;7;HR-BLINE;468.85;366.67;-102.18
24.06.2025;WO072083;GS-MTM;2.00;2;0;HR-GS-SPINNER;2.36;60.00;57.64
24.06.2025;WO072084;GS-MTM;2.00;2;0;HR-GS-SPINNER;0.86;60.00;59.14
24.06.2025;WO072472;G-LINE;15.00;23;0;HR-ELINE;0.44;92.00;91.56
24.06.2025;WO072472;G-LINE;15.00;37;0;HR-ELINE;228.34;148.00;-80.34
24.06.2025;WO072503;F-LINE;12.50;13;0;HR-PCPLINE;0.36;62.40;62.04
24.06.2025;WO072503;F-LINE;12.50;36;0;HR-ELINE;1.81;172.80;170.99
24.06.2025;WO072503;F-LINE;12.50;47;0;HR-ELINE;280.16;225.60;-54.56
24.06.2025;WO072894;F-LINE;12.50;20;0;HR-ELINE;137.23;96.00;-41.23
24.06.2025;WO072906;E-LINE;25.00;30;0;HR-ELINE;0.43;72.00;71.57
24.06.2025;WO072999;GS-MTM;2.00;1;0;HR-GS-SPINNER;1.26;30.00;28.74
24.06.2025;WO073018;G-LINE;17.00;200;0;HR-ELINE;177.57;705.88;528.31
24.06.2025;WO073279;F-LINE;13.00;48;0;HR-ELINE;0.40;221.54;221.14
24.06.2025;WO073325;GS-MTM;1.50;2;0;HR-GS-SPINNER;0.33;80.00;79.67
24.06.2025;WO073428;GS-LINE;1.20;2;0;HR-GS-SPINNER;0.49;100.00;99.51
24.06.2025;WO073429;GS-LINE;1.50;2;0;HR-GS-SPINNER;0.41;80.00;79.59
24.06.2025;WO073432;GS-LINE;1.20;2;0;HR-GS-SPINNER;0.75;100.00;99.25
23.06.2025;WO071952;C-LINE;54.50;400;3;HR-BLINE;438.78;440.37;1.59
23.06.2025;WO071952;C-LINE;54.50;410;0;HR-BLINE;1.32;451.38;450.06
23.06.2025;WO072039;G-LINE;16.00;6;0;HR-PCPLINE;0.28;22.50;22.22
23.06.2025;WO072363;F-LINE;13.00;4;0;HR-PCPLINE;0.27;18.46;18.19
23.06.2025;WO072490;E-LINE;23.00;50;0;HR-PCPLINE;0.29;130.43;130.14
23.06.2025;WO072498;G-LINE;16.00;20;0;HR-ELINE;0.32;75.00;74.68
23.06.2025;WO072529;A-LINE;100.00;200;3;HR-BLINE;124.39;120.00;-4.39
23.06.2025;WO072790;A-LINE;100.00;100;3;HR-BLINE;0.72;60.00;59.28
23.06.2025;WO072795;A-LINE;100.00;100;8;HR-BLINE;37.55;60.00;22.45
23.06.2025;WO072906;E-LINE;25.00;66;0;HR-ELINE;0.35;158.40;158.05
23.06.2025;WO073256;GS-LINE;1.50;2;0;HR-GS-SPINNER;1.43;80.00;78.57
23.06.2025;WO073352;GS-MTM;2.50;10;0;HR-GS-SPINNER;0.46;240.00;239.54
23.06.2025;WO073441;GS-LINE;1.20;4;0;HR-GS-SPINNER;0.50;200.00;199.50
21.06.2025;WO071508;E-LINE;24.00;50;0;HR-ELINE;0.30;125.00;124.70
21.06.2025;WO071908;B-LINE;108.00;110;0;HR-BLINE;70.24;61.11;-9.13
21.06.2025;WO071908;B-LINE;108.00;490;6;HR-BLINE;206.63;272.22;65.59
21.06.2025;WO072476;G-LINE;16.00;30;0;HR-ELINE;0.44;112.50;112.06
21.06.2025;WO072901;G-LINE;16.00;37;0;HR-ELINE;2.10;138.75;136.65
21.06.2025;WO072901;G-LINE;16.00;46;0;HR-ELINE;413.80;172.50;-241.30
21.06.2025;WO072901;G-LINE;16.00;67;0;HR-ELINE;13.64;251.25;237.61
21.06.2025;WO072903;F-LINE;12.50;150;0;HR-DLINE;0.49;720.00;719.51
21.06.2025;WO072908;F-LINE;11.00;35;0;HR-ELINE;0.24;190.91;190.67
21.06.2025;WO072938;E-LINE;23.00;140;0;HR-ELINE;0.46;365.22;364.76
21.06.2025;WO073580;E-LINE;24.00;50;0;HR-ELINE;14.81;125.00;110.19
20.06.2025;WO071061;GS-MTM;2.50;10;0;HR-GS-SPINNER;0.85;240.00;239.15
20.06.2025;WO071061;GS-MTM;2.50;20;0;HR-GS-SPINNER;0.26;480.00;479.74
20.06.2025;WO071952;C-LINE;54.50;130;0;HR-BLINE;172.31;143.12;-29.19
20.06.2025;WO072138;GS-MTM;7.00;64;0;HR-ELINE;526.38;548.57;22.19
20.06.2025;WO072149;GS-LINE;1.20;2;0;HR-GS-SPINNER;0.88;100.00;99.12
20.06.2025;WO072189;B-LINE;108.00;100;0;HR-BLINE;0.28;55.56;55.28
20.06.2025;WO072190;F-LINE;11.00;1;0;HR-PCPLINE;0.37;5.45;5.08
20.06.2025;WO072501;GS-MTM;25.00;150;0;HR-ELINE;302.41;360.00;57.59
20.06.2025;WO072641;G-LINE;16.00;56;0;HR-ELINE;0.43;210.00;209.57
20.06.2025;WO072748;C-LINE;21.00;500;0;HR-BLINE;126.15;1428.57;1302.42
20.06.2025;WO072798;G-LINE;16.00;206;0;HR-ELINE;1.74;772.50;770.76
20.06.2025;WO073075;F-LINE;13.00;1;0;HR-ELINE;302.90;4.62;-298.28
20.06.2025;WO073075;F-LINE;13.00;39;0;HR-ELINE;26.09;180.00;153.91
20.06.2025;WO073257;GS-LINE;1.50;6;0;HR-GS-SPINNER;0.41;240.00;239.59
20.06.2025;WO073286;F-LINE;13.00;3;0;HR-ELINE;0.24;13.85;13.61
20.06.2025;WO073306;E-LINE;23.00;50;0;HR-ELINE;0.56;130.43;129.87
20.06.2025;WO073433;GS-LINE;1.20;4;0;HR-GS-SPINNER;0.68;200.00;199.32
19.06.2025;WO072188;E-LINE;25.00;100;0;HR-ELINE;0.41;240.00;239.59
19.06.2025;WO072191;B-LINE;108.00;50;0;HR-BLINE;23.87;27.78;3.91
19.06.2025;WO072641;G-LINE;16.00;20;0;HR-ELINE;2.80;75.00;72.20
19.06.2025;WO072641;G-LINE;16.00;92;0;HR-ELINE;1.91;345.00;343.09
19.06.2025;WO072796;E-LINE;25.00;100;0;HR-ELINE;0.50;240.00;239.50
19.06.2025;WO072892;F-LINE;13.00;6;0;HR-ELINE;0.46;27.69;27.23
19.06.2025;WO072892;F-LINE;13.00;29;0;HR-ELINE;1.42;133.85;132.43
19.06.2025;WO072892;F-LINE;13.00;65;0;HR-ELINE;0.78;300.00;299.22
19.06.2025;WO073016;B-LINE;108.00;100;0;HR-BLINE;88.52;55.56;-32.96
19.06.2025;WO073328;B-LINE;108.00;144;0;HR-BLINE;96.29;80.00;-16.29
19.06.2025;WO073375;F-LINE;12.00;10;0;HR-ELINE;0.34;50.00;49.66
18.06.2025;WO071686;F-LINE;12.50;73;0;HR-ELINE;0.34;350.40;350.06
18.06.2025;WO072039;G-LINE;16.00;4;0;HR-ELINE;1.63;15.00;13.37
18.06.2025;WO072138;GS-MTM;7.00;45;0;HR-ELINE;127.74;385.71;257.97
18.06.2025;WO072187;E-LINE;25.00;100;0;HR-PCPLINE;0.30;240.00;239.70
18.06.2025;WO072190;F-LINE;11.00;49;0;HR-ELINE;0.28;267.27;266.99
18.06.2025;WO072599;GS-LINE;1.20;4;0;HR-GS-SPINNER;0.69;200.00;199.31
18.06.2025;WO072865;F-LINE;13.50;1;0;HR-PCPLINE;12.94;4.44;-8.50
18.06.2025;WO072865;F-LINE;13.50;16;0;HR-PCPLINE;0.26;71.11;70.85
18.06.2025;WO072874;GS-LINE;1.20;10;0;HR-GS-SPINNER;1.05;500.00;498.95
18.06.2025;WO072892;F-LINE;13.00;10;0;HR-ELINE;140.54;46.15;-94.39
18.06.2025;WO072892;F-LINE;13.00;40;0;HR-PCPLINE;0.25;184.62;184.37
18.06.2025;WO072928;G-LINE;16.00;1;0;HR-ELINE;47.47;3.75;-43.72
18.06.2025;WO072928;G-LINE;16.00;50;0;HR-ELINE;0.58;187.50;186.92
18.06.2025;WO072928;G-LINE;16.00;149;0;HR-PCPLINE;0.91;558.75;557.84
18.06.2025;WO072964;GS-LINE;1.20;2;0;HR-GS-SPINNER;0.75;100.00;99.25
18.06.2025;WO073047;G-LINE;16.50;65;0;HR-ELINE;0.61;236.36;235.75
18.06.2025;WO073267;B-LINE;108.00;310;0;HR-BLINE;196.76;172.22;-24.54
18.06.2025;WO073328;B-LINE;108.00;600;0;HR-BLINE;371.36;333.33;-38.03
18.06.2025;WO073332;G-LINE;16.00;4;0;HR-ELINE;0.29;15.00;14.71
18.06.2025;WO073333;G-LINE;17.00;2;0;HR-PCPLINE;12.97;7.06;-5.91
18.06.2025;WO073339;G-LINE;16.00;8;0;HR-ELINE;0.26;30.00;29.74
18.06.2025;WO073457;D-LINE;5.00;4;0;HR-ELINE;0.67;48.00;47.33
18.06.2025;WO073628;B-LINE;108.00;115;0;HR-BLINE;69.91;63.89;-6.02
18.06.2025;WO073628;B-LINE;108.00;410;5;HR-BLINE;252.79;227.78;-25.01
18.06.2025;WO073634;B-LINE;108.00;30;0;HR-BLINE;33.00;16.67;-16.33
18.06.2025;WO073634;B-LINE;108.00;495;0;HR-BLINE;370.69;275.00;-95.69
17.06.2025;WO071678;F-LINE;15.00;40;0;HR-ELINE;1.04;160.00;158.96
17.06.2025;WO071686;F-LINE;12.50;27;0;HR-ELINE;144.61;129.60;-15.01
17.06.2025;WO072961;GS-MTM;2.50;4;0;HR-GS-SPINNER;0.52;96.00;95.48
17.06.2025;WO073047;G-LINE;16.50;11;0;HR-ELINE;56.28;40.00;-16.28
17.06.2025;WO073047;G-LINE;16.50;52;0;HR-ELINE;176.24;189.09;12.85
17.06.2025;WO073261;B-LINE;108.00;160;0;HR-BLINE;107.91;88.89;-19.02
17.06.2025;WO073261;B-LINE;108.00;365;6;HR-BLINE;176.46;202.78;26.32
17.06.2025;WO073263;B-LINE;108.00;525;0;HR-BLINE;309.76;291.67;-18.09
17.06.2025;WO073265;B-LINE;108.00;100;0;HR-BLINE;43.62;55.56;11.94
17.06.2025;WO073265;B-LINE;108.00;425;0;HR-BLINE;255.44;236.11;-19.33
17.06.2025;WO073267;B-LINE;108.00;215;4;HR-BLINE;196.38;119.44;-76.94
17.06.2025;WO073273;G-LINE;16.00;40;0;HR-DLINE;0.58;150.00;149.42
17.06.2025;WO073284;F-LINE;13.00;48;0;HR-ELINE;2.34;221.54;219.20
17.06.2025;WO073286;F-LINE;13.00;45;0;HR-ELINE;169.85;207.69;37.84
17.06.2025;WO073337;G-LINE;16.00;12;0;HR-PCPLINE;0.37;45.00;44.63
17.06.2025;WO073630;B-LINE;108.00;375;6;HR-BLINE;285.95;208.33;-77.62
16.06.2025;WO071509;E-LINE;14.00;30;0;HR-ELINE;0.37;128.57;128.20
16.06.2025;WO071678;F-LINE;15.00;60;0;HR-ELINE;0.25;240.00;239.75
16.06.2025;WO072089;G-LINE;16.00;8;0;HR-ELINE;126.24;30.00;-96.24
16.06.2025;WO072171;GS-MTM;2.50;20;0;HR-GS-SPINNER;3.78;480.00;476.22
16.06.2025;WO072865;F-LINE;13.50;73;0;HR-ELINE;177.00;324.44;147.44
16.06.2025;WO072961;GS-MTM;2.50;10;0;HR-GS-SPINNER;0.46;240.00;239.54
16.06.2025;WO072979;G-LINE;16.50;2;0;HR-ELINE;0.62;7.27;6.65
16.06.2025;WO073262;B-LINE;108.00;215;6;HR-BLINE;187.96;119.44;-68.52
16.06.2025;WO073264;B-LINE;108.00;75;0;HR-BLINE;55.16;41.67;-13.49
16.06.2025;WO073264;B-LINE;108.00;450;4;HR-BLINE;281.22;250.00;-31.22
16.06.2025;WO073266;B-LINE;108.00;525;7;HR-BLINE;359.09;291.67;-67.42
16.06.2025;WO073309;E-LINE;14.00;40;0;HR-PCPLINE;2.35;171.43;169.08
16.06.2025;WO073335;G-LINE;17.00;2;0;HR-ELINE;0.35;7.06;6.71
16.06.2025;WO073336;G-LINE;17.00;8;0;HR-ELINE;0.30;28.24;27.94
16.06.2025;WO073341;G-LINE;17.00;10;0;HR-ELINE;0.52;35.29;34.77
16.06.2025;WO073625;B-LINE;108.00;60;2;HR-BLINE;10.33;33.33;23.00
16.06.2025;WO073625;B-LINE;108.00;465;2;HR-BLINE;395.66;258.33;-137.33
16.06.2025;WO073630;B-LINE;108.00;150;0;HR-BLINE;42.76;83.33;40.57
15.06.2025;WO071959;B-LINE;102.00;144;0;HR-BLINE;160.64;84.71;-75.93
15.06.2025;WO071966;B-LINE;108.00;173;3;HR-BLINE;443.55;96.11;-347.44
15.06.2025;WO071966;B-LINE;108.00;255;0;HR-BLINE;139.79;141.67;1.88
15.06.2025;WO071966;B-LINE;108.00;660;1;HR-BLINE;463.73;366.67;-97.06
15.06.2025;WO073262;B-LINE;108.00;310;4;HR-BLINE;0.49;172.22;171.73
14.06.2025;WO071954;B-LINE;102.00;240;8;HR-BLINE;0.65;141.18;140.53
14.06.2025;WO071954;B-LINE;102.00;266;1;HR-BLINE;207.35;156.47;-50.88
14.06.2025;WO071959;B-LINE;102.00;380;4;HR-BLINE;243.69;223.53;-20.16
14.06.2025;WO072106;A-LINE;100.00;165;5;HR-BLINE;0.81;99.00;98.19
14.06.2025;WO072106;A-LINE;100.00;335;0;HR-BLINE;260.42;201.00;-59.42
14.06.2025;WO072107;A-LINE;100.00;175;0;HR-BLINE;0.28;105.00;104.72
14.06.2025;WO072437;F-LINE;13.00;18;0;HR-ELINE;0.37;83.08;82.71
14.06.2025;WO072438;F-LINE;13.00;18;0;HR-ELINE;0.34;83.08;82.74
14.06.2025;WO072505;F-LINE;12.50;24;0;HR-ELINE;0.42;115.20;114.78
14.06.2025;WO072896;E-LINE;23.00;48;0;HR-ELINE;1.46;125.22;123.76
14.06.2025;WO072924;F-LINE;12.50;35;0;HR-PCPLINE;0.28;168.00;167.72
14.06.2025;WO073026;G-LINE;16.00;12;0;HR-ELINE;0.37;45.00;44.63
14.06.2025;WO073031;E-LINE;25.00;80;0;HR-PCPLINE;0.26;192.00;191.74
14.06.2025;WO073038;G-LINE;16.00;32;0;HR-PCPLINE;0.27;120.00;119.73
14.06.2025;WO073046;G-LINE;16.00;10;0;HR-ELINE;0.35;37.50;37.15
14.06.2025;WO073048;G-LINE;16.50;64;0;HR-ELINE;0.45;232.73;232.28
14.06.2025;WO073073;G-LINE;16.50;20;0;HR-PCPLINE;0.25;72.73;72.48
14.06.2025;WO073152;G-LINE;16.00;10;0;HR-ELINE;0.43;37.50;37.07
13.06.2025;WO070642;GS-LINE;1.20;2;0;HR-PCPLINE;10619.42;100.00;-10519.42
13.06.2025;WO071509;E-LINE;14.00;20;0;HR-ELINE;0.66;85.71;85.05
13.06.2025;WO071511;G-LINE;16.50;4;0;HR-PCPLINE;0.34;14.55;14.21
13.06.2025;WO071511;G-LINE;16.50;54;0;HR-ELINE;0.85;196.36;195.51
13.06.2025;WO071515;F-LINE;13.00;14;0;HR-ELINE;67.66;64.62;-3.04
13.06.2025;WO071744;F-LINE;13.00;99;0;HR-ELINE;0.38;456.92;456.54
13.06.2025;WO071893;E-LINE;25.00;16;0;HR-PCPLINE;0.27;38.40;38.13
13.06.2025;WO071909;B-LINE;108.00;525;10;HR-BLINE;0.51;291.67;291.16
13.06.2025;WO071952;C-LINE;54.50;215;1;HR-BLINE;192.05;236.70;44.65
13.06.2025;WO072107;A-LINE;100.00;410;8;HR-BLINE;469.55;246.00;-223.55
13.06.2025;WO072107;A-LINE;100.00;415;5;HR-BLINE;336.60;249.00;-87.60
13.06.2025;WO072376;E-LINE;12.00;10;0;HR-ELINE;129.99;50.00;-79.99
13.06.2025;WO072474;E-LINE;24.00;60;0;HR-ELINE;0.97;150.00;149.03
13.06.2025;WO072775;A-LINE;100.00;50;2;HR-BLINE;1.38;30.00;28.62
13.06.2025;WO072885;G-LINE;15.00;100;0;HR-ELINE;129.69;400.00;270.31
13.06.2025;WO072924;F-LINE;12.50;65;0;HR-ELINE;309.56;312.00;2.44
13.06.2025;WO072958;D-LINE;8.00;50;0;HR-ELINE;0.49;375.00;374.51
13.06.2025;WO073036;E-LINE;25.00;4;0;HR-ELINE;0.53;9.60;9.07
13.06.2025;WO073070;GS-DUAL;2.00;2;0;HR-GS-SPINNER;0.64;60.00;59.36
13.06.2025;WO073096;GS-LINE;1.20;2;0;HR-GS-SPINNER;0.58;100.00;99.42
13.06.2025;WO073105;F-LINE;13.00;2;0;HR-GS-SPINNER;0.37;9.23;8.86
13.06.2025;WO073105;GS-DUAL;2.00;2;0;HR-GS-SPINNER;1.12;60.00;58.88
13.06.2025;WO073275;GS-SOK;3.00;2;0;HR-GS-SPINNER;0.63;40.00;39.37
13.06.2025;WO073287;GS-SOK;3.00;2;0;HR-GS-SPINNER;0.58;40.00;39.42
13.06.2025;WO073304;E-LINE;23.00;50;0;HR-PCPLINE;0.35;130.43;130.08
13.06.2025;WO073437;F-LINE;13.00;9;0;HR-ELINE;0.44;41.54;41.10
12.06.2025;WO071506;E-LINE;23.00;1;0;HR-ELINE;88.86;2.61;-86.25
12.06.2025;WO071506;E-LINE;23.00;49;0;HR-ELINE;73.92;127.83;53.91
12.06.2025;WO071507;G-LINE;18.00;48;0;HR-ELINE;0.24;160.00;159.76
12.06.2025;WO071511;G-LINE;16.50;18;0;HR-ELINE;0.37;65.45;65.08
12.06.2025;WO071511;G-LINE;16.50;68;0;HR-ELINE;0.39;247.27;246.88
12.06.2025;WO071515;F-LINE;13.00;36;0;HR-ELINE;284.46;166.15;-118.31
12.06.2025;WO071744;F-LINE;13.00;1;0;HR-ELINE;1040.06;4.62;-1035.44
12.06.2025;WO071810;E-LINE;24.00;60;0;HR-PCPLINE;0.65;150.00;149.35
12.06.2025;WO071952;C-LINE;54.50;100;0;HR-BLINE;0.29;110.09;109.80
12.06.2025;WO072119;B-LINE;110.00;250;6;HR-BLINE;223.60;136.36;-87.24
12.06.2025;WO072199;GS-LINE;1.20;2;0;HR-GS-SPINNER;0.95;100.00;99.05
12.06.2025;WO072329;B-LINE;108.00;145;0;HR-BLINE;81.57;80.56;-1.01
12.06.2025;WO072333;B-LINE;108.00;60;0;HR-BLINE;1.59;33.33;31.74
12.06.2025;WO072333;B-LINE;108.00;465;2;HR-BLINE;290.44;258.33;-32.11
12.06.2025;WO072477;B-LINE;108.00;200;5;HR-BLINE;132.94;111.11;-21.83
12.06.2025;WO072738;B-LINE;108.00;200;4;HR-BLINE;91.01;111.11;20.10
12.06.2025;WO072785;E-LINE;27.00;50;0;HR-ELINE;0.24;111.11;110.87
12.06.2025;WO073092;E-LINE;25.00;2;0;HR-GS-SPINNER;0.29;4.80;4.51
12.06.2025;WO073092;GS-SOK;3.00;2;0;HR-GS-SPINNER;0.62;40.00;39.38
12.06.2025;WO073095;GS-SOK;3.00;30;0;HR-GS-SPINNER;1.34;600.00;598.66
12.06.2025;WO073099;GS-SOK;3.00;5;0;HR-GS-SPINNER;0.82;100.00;99.18
12.06.2025;WO073101;GS-DUAL;2.00;2;0;HR-GS-SPINNER;0.38;60.00;59.62
12.06.2025;WO073272;F-LINE;12.50;6;0;HR-ELINE;0.38;28.80;28.42
12.06.2025;WO073308;E-LINE;25.00;50;0;HR-ELINE;0.31;120.00;119.69
12.06.2025;WO073309;E-LINE;14.00;9;0;HR-ELINE;121.89;38.57;-83.32
12.06.2025;WO073311;GS-LINE;1.50;2;0;HR-GS-SPINNER;0.55;80.00;79.45
12.06.2025;WO073368;G-LINE;17.00;1;0;HR-ELINE;71.59;3.53;-68.06
12.06.2025;WO073368;G-LINE;17.00;59;0;HR-ELINE;133.02;208.24;75.22
12.06.2025;WO073450;E-LINE;24.00;4;0;HR-ELINE;1.23;10.00;8.77
11.06.2025;WO071507;G-LINE;18.00;52;0;HR-ELINE;0.28;173.33;173.05
11.06.2025;WO071859;MTM-SBM;6.00;8;0;HR-GS-SPINNER;0.17;80.00;79.83
11.06.2025;WO072114;D-LINE;4.00;8;0;HR-ELINE;1.68;120.00;118.32
11.06.2025;WO072215;GS-MTM;7.00;8;0;HR-ELINE;0.54;68.57;68.03
11.06.2025;WO072326;B-LINE;108.00;154;0;HR-BLINE;83.93;85.56;1.63
11.06.2025;WO072326;B-LINE;108.00;300;7;HR-BLINE;247.07;166.67;-80.40
11.06.2025;WO072329;B-LINE;108.00;380;6;HR-BLINE;375.64;211.11;-164.53
11.06.2025;WO072794;E-LINE;25.00;33;0;HR-PCPLINE;0.90;79.20;78.30
11.06.2025;WO073086;GS-LINE;1.50;2;0;HR-GS-SPINNER;1.49;80.00;78.51
11.06.2025;WO073093;GS-SOK;3.00;50;0;HR-GS-SPINNER;1.08;1000.00;998.92
11.06.2025;WO073095;GS-SOK;3.00;10;0;HR-GS-SPINNER;2.28;200.00;197.72
11.06.2025;WO073104;GS-LINE;1.20;2;0;HR-GS-SPINNER;0.41;100.00;99.59
11.06.2025;WO073147;G-LINE;18.00;1;0;HR-PCPLINE;0.26;3.33;3.07
11.06.2025;WO073255;E-LINE;24.00;33;0;HR-ELINE;0.26;82.50;82.24
11.06.2025;WO073255;E-LINE;24.00;67;0;HR-ELINE;0.31;167.50;167.19
11.06.2025;WO073260;B-LINE;108.00;165;4;HR-BLINE;85.04;91.67;6.63
11.06.2025;WO073260;B-LINE;108.00;360;8;HR-BLINE;287.18;200.00;-87.18
11.06.2025;WO073524;GS-SOK;3.00;2;0;HR-GS-SPINNER;0.79;40.00;39.21
10.06.2025;WO069319;G-LINE;16.00;14;0;HR-ELINE;0.26;52.50;52.24
10.06.2025;WO071513;G-LINE;16.00;50;0;HR-ELINE;0.24;187.50;187.26
10.06.2025;WO071875;F-LINE;13.00;10;0;HR-ELINE;113.33;46.15;-67.18
10.06.2025;WO071876;F-LINE;13.00;9;0;HR-ELINE;124.18;41.54;-82.64
10.06.2025;WO071893;E-LINE;25.00;30;0;HR-ELINE;1.19;72.00;70.81
10.06.2025;WO071893;E-LINE;25.00;164;0;HR-ELINE;415.33;393.60;-21.73
10.06.2025;WO072054;GS-LINE;1.20;1;0;HR-GS-SPINNER;0.46;50.00;49.54
10.06.2025;WO072076;GS-LINE;1.20;2;0;HR-GS-SPINNER;0.31;100.00;99.69
10.06.2025;WO072141;F-LINE;13.00;5;0;HR-PCPLINE;0.30;23.08;22.78
10.06.2025;WO072141;F-LINE;13.00;39;0;HR-ELINE;31.19;180.00;148.81
10.06.2025;WO072141;F-LINE;13.00;43;0;HR-ELINE;1.00;198.46;197.46
10.06.2025;WO072323;B-LINE;108.00;80;0;HR-BLINE;48.85;44.44;-4.41
10.06.2025;WO072326;B-LINE;108.00;1;0;HR-BLINE;0.42;0.56;0.14
10.06.2025;WO072326;B-LINE;108.00;70;0;HR-BLINE;201.31;38.89;-162.42
10.06.2025;WO072342;B-LINE;108.00;305;5;HR-BLINE;89.81;169.44;79.63
10.06.2025;WO072374;GS-LINE;1.20;2;0;HR-GS-SPINNER;1.78;100.00;98.22
10.06.2025;WO072481;B-LINE;108.00;15;0;HR-BLINE;0.30;8.33;8.03
10.06.2025;WO072481;B-LINE;108.00;195;0;HR-BLINE;75.97;108.33;32.36
10.06.2025;WO072862;F-LINE;13.00;20;0;HR-ELINE;139.39;92.31;-47.08
10.06.2025;WO072978;G-LINE;16.00;1;0;HR-ELINE;0.23;3.75;3.52
10.06.2025;WO073093;G-LINE;16.50;50;0;HR-ELINE;239.57;181.82;-57.75
10.06.2025;WO073099;G-LINE;16.00;5;0;HR-ELINE;16.18;18.75;2.57
10.06.2025;WO073219;D-LINE;4.00;20;0;HR-ELINE;280.68;300.00;19.32
10.06.2025;WO073287;G-LINE;16.50;2;0;HR-ELINE;0.23;7.27;7.04
10.06.2025;WO073305;B-LINE;108.00;1;0;HR-BLINE;0.45;0.56;0.11
10.06.2025;WO073305;B-LINE;108.00;299;8;HR-BLINE;359.27;166.11;-193.16
10.06.2025;WO073453;G-LINE;16.00;4;0;HR-ELINE;12.63;15.00;2.37
09.06.2025;WO072054;GS-LINE;1.20;1;0;HR-GS-SPINNER;4.27;50.00;45.73
09.06.2025;WO072079;GS-LINE;1.20;2;0;HR-GS-SPINNER;0.34;100.00;99.66
09.06.2025;WO072141;F-LINE;13.00;16;0;HR-ELINE;91.62;73.85;-17.77
09.06.2025;WO072141;F-LINE;13.00;48;0;HR-ELINE;1.44;221.54;220.10
09.06.2025;WO072178;GS-LINE;1.20;2;0;HR-GS-SPINNER;0.58;100.00;99.42
09.06.2025;WO072338;B-LINE;108.00;525;10;HR-BLINE;314.34;291.67;-22.67
09.06.2025;WO072342;B-LINE;108.00;220;7;HR-BLINE;144.95;122.22;-22.73
09.06.2025;WO072366;GS-LINE;1.20;2;0;HR-GS-SPINNER;3.97;100.00;96.03
09.06.2025;WO072632;GS-LINE;1.20;2;0;HR-GS-SPINNER;0.48;100.00;99.52
09.06.2025;WO072633;GS-LINE;1.20;2;0;HR-GS-SPINNER;0.58;100.00;99.42
09.06.2025;WO072798;G-LINE;16.00;18;0;HR-ELINE;1.12;67.50;66.38
09.06.2025;WO072823;E-LINE;14.00;13;0;HR-ELINE;78.50;55.71;-22.79
09.06.2025;WO073452;F-LINE;13.00;2;0;HR-ELINE;0.35;9.23;8.88
08.06.2025;WO072339;B-LINE;108.00;95;0;HR-BLINE;34.72;52.78;18.06
08.06.2025;WO072339;B-LINE;108.00;110;0;HR-BLINE;416.46;61.11;-355.35
08.06.2025;WO072339;B-LINE;108.00;225;5;HR-BLINE;381.11;125.00;-256.11
08.06.2025;WO072343;B-LINE;108.00;525;2;HR-BLINE;389.52;291.67;-97.85
07.06.2025;WO070603;C-LINE;108.00;510;0;HR-BLINE;0.43;283.33;282.90
07.06.2025;WO071510;E-LINE;25.00;15;0;HR-ELINE;0.28;36.00;35.72
07.06.2025;WO072131;G-LINE;16.00;102;0;HR-ELINE;1.06;382.50;381.44
07.06.2025;WO072141;F-LINE;13.00;66;0;HR-ELINE;387.63;304.62;-83.01
07.06.2025;WO072323;B-LINE;108.00;50;0;HR-BLINE;37.81;27.78;-10.03
07.06.2025;WO072323;B-LINE;108.00;395;3;HR-BLINE;285.58;219.44;-66.14
07.06.2025;WO072334;B-LINE;108.00;475;0;HR-BLINE;261.22;263.89;2.67
07.06.2025;WO072339;B-LINE;108.00;95;2;HR-BLINE;92.28;52.78;-39.50
07.06.2025;WO072891;F-LINE;13.00;40;0;HR-ELINE;0.50;184.62;184.12
07.06.2025;WO072923;F-LINE;12.50;24;0;HR-ELINE;0.37;115.20;114.83
07.06.2025;WO073049;E-LINE;25.00;50;0;HR-ELINE;0.23;120.00;119.77
07.06.2025;WO073076;G-LINE;16.00;50;0;HR-ELINE;0.52;187.50;186.98
07.06.2025;WO073449;G-LINE;18.00;2;0;HR-ELINE;124.96;6.67;-118.29
07.06.2025;WO073456;F-LINE;13.00;6;0;HR-ELINE;0.78;27.69;26.91
06.06.2025;WO071510;E-LINE;25.00;85;0;HR-ELINE;0.73;204.00;203.27
06.06.2025;WO072131;G-LINE;16.00;10;0;HR-ELINE;75.59;37.50;-38.09
06.06.2025;WO072139;G-LINE;16.00;56;0;HR-ELINE;187.20;210.00;22.80
06.06.2025;WO072141;F-LINE;13.00;23;0;HR-ELINE;0.39;106.15;105.76
06.06.2025;WO072192;B-LINE;108.00;50;0;HR-BLINE;68.41;27.78;-40.63
06.06.2025;WO072334;B-LINE;108.00;50;0;HR-BLINE;0.30;27.78;27.48
06.06.2025;WO072350;GS-DUAL;2.00;2;0;HR-GS-SPINNER;1.53;60.00;58.47
06.06.2025;WO072421;B-LINE;108.00;265;0;HR-BLINE;147.07;147.22;0.15
06.06.2025;WO072455;GS-DUAL;2.00;2;0;HR-GS-SPINNER;0.66;60.00;59.34
06.06.2025;WO072482;B-LINE;108.00;55;5;HR-BLINE;71.13;30.56;-40.57
06.06.2025;WO072482;B-LINE;108.00;145;8;HR-BLINE;260.12;80.56;-179.56
06.06.2025;WO072539;B-LINE;108.00;100;4;HR-BLINE;118.87;55.56;-63.31
06.06.2025;WO072730;GS-MTM;2.00;2;0;HR-GS-SPINNER;0.97;60.00;59.03
06.06.2025;WO072740;B-LINE;108.00;60;7;HR-BLINE;33.11;33.33;0.22
06.06.2025;WO072831;GS-MTM;4.00;4;0;HR-GS-SPINNER;0.37;60.00;59.63
06.06.2025;WO072832;MTM-SBM;2.00;2;0;HR-GS-SPINNER;0.36;60.00;59.64
06.06.2025;WO072833;GS-MTM;1.50;2;0;HR-GS-SPINNER;0.34;80.00;79.66
06.06.2025;WO072887;E-LINE;23.00;35;0;HR-ELINE;12.67;91.30;78.63
06.06.2025;WO072902;B-LINE;108.00;10;0;HR-BLINE;2.84;5.56;2.72
06.06.2025;WO072922;F-LINE;13.50;25;0;HR-ELINE;0.37;111.11;110.74
06.06.2025;WO072922;F-LINE;13.50;45;0;HR-ELINE;261.91;200.00;-61.91
06.06.2025;WO073044;B-LINE;108.00;25;0;HR-BLINE;0.88;13.89;13.01
06.06.2025;WO073296;G-LINE;16.50;20;0;HR-ELINE;0.38;72.73;72.35
05.06.2025;WO071590;G-LINE;16.00;112;0;HR-ELINE;230.03;420.00;189.97
05.06.2025;WO071704;E-LINE;24.00;40;0;HR-ELINE;1.89;100.00;98.11
05.06.2025;WO071889;GS-MTM;1.50;2;0;HR-GS-SPINNER;0.36;80.00;79.64
05.06.2025;WO072021;GS-MTM;7.00;32;0;HR-ELINE;0.38;274.29;273.91
05.06.2025;WO072128;B-LINE;102.00;360;0;HR-BLINE;0.40;211.76;211.36
05.06.2025;WO072146;GS-MTM;1.50;2;0;HR-GS-SPINNER;0.33;80.00;79.67
05.06.2025;WO072221;E-LINE;24.00;1;0;HR-ELINE;0.25;2.50;2.25
05.06.2025;WO072315;B-LINE;108.00;195;1;HR-BLINE;134.07;108.33;-25.74
05.06.2025;WO072315;B-LINE;108.00;330;10;HR-BLINE;168.51;183.33;14.82
05.06.2025;WO072332;B-LINE;108.00;525;0;HR-BLINE;282.40;291.67;9.27
05.06.2025;WO072373;GS-LINE;1.20;2;0;HR-GS-SPINNER;1.09;100.00;98.91
05.06.2025;WO072415;E-LINE;24.00;20;0;HR-ELINE;15.11;50.00;34.89
05.06.2025;WO072415;E-LINE;24.00;30;0;HR-ELINE;0.42;75.00;74.58
05.06.2025;WO072421;B-LINE;108.00;35;0;HR-BLINE;24.47;19.44;-5.03
05.06.2025;WO072604;GS-SOK;3.00;2;0;HR-GS-SPINNER;0.92;40.00;39.08
05.06.2025;WO072956;F-LINE;13.00;12;0;HR-ELINE;0.85;55.38;54.53
05.06.2025;WO073353;C-LINE;21.00;40;0;HR-BLINE;0.28;114.29;114.01
05.06.2025;WO073353;C-LINE;21.00;60;0;HR-BLINE;30.89;171.43;140.54
04.06.2025;WO071890;GS-MTM;2.00;2;0;HR-GS-SPINNER;0.38;60.00;59.62
04.06.2025;WO072037;GS-SOK;3.00;2;0;HR-GS-SPINNER;1.13;40.00;38.87
04.06.2025;WO072325;B-LINE;108.00;425;3;HR-BLINE;289.45;236.11;-53.34
04.06.2025;WO072328;B-LINE;108.00;250;6;HR-BLINE;151.00;138.89;-12.11
04.06.2025;WO072328;B-LINE;108.00;275;0;HR-BLINE;160.57;152.78;-7.79
04.06.2025;WO072331;B-LINE;108.00;15;0;HR-BLINE;19.55;8.33;-11.22
04.06.2025;WO072331;B-LINE;108.00;510;8;HR-BLINE;308.40;283.33;-25.07
04.06.2025;WO072405;F-LINE;13.00;8;0;HR-ELINE;0.34;36.92;36.58
04.06.2025;WO072414;G-LINE;15.00;20;0;HR-ELINE;77.01;80.00;2.99
04.06.2025;WO072497;G-LINE;16.00;40;0;HR-ELINE;0.51;150.00;149.49
04.06.2025;WO072834;GS-DUAL;2.00;2;0;HR-GS-SPINNER;0.78;60.00;59.22
04.06.2025;WO072835;GS-LINE;1.20;2;0;HR-GS-SPINNER;0.41;100.00;99.59
04.06.2025;WO072871;G-LINE;12.00;16;0;HR-GS-SPINNER;0.34;80.00;79.66
04.06.2025;WO072871;GS-SOK;3.00;16;0;HR-GS-SPINNER;1.23;320.00;318.77
04.06.2025;WO073012;C-LINE;54.50;100;0;HR-BLINE;293.16;110.09;-183.07
04.06.2025;WO073012;C-LINE;54.50;400;1;HR-BLINE;460.61;440.37;-20.24
04.06.2025;WO073043;G-LINE;16.50;20;0;HR-ELINE;0.59;72.73;72.14
04.06.2025;WO073043;G-LINE;16.50;80;0;HR-ELINE;0.70;290.91;290.21
04.06.2025;WO073220;D-LINE;5.00;4;0;HR-ELINE;0.50;48.00;47.50
04.06.2025;WO073350;G-LINE;16.50;1;0;HR-GS-SPINNER;0.36;3.64;3.28
04.06.2025;WO073350;GS-SOK;3.00;1;0;HR-GS-SPINNER;1.82;20.00;18.18
03.06.2025;WO071598;GS-MTM;1.50;2;0;HR-GS-SPINNER;0.50;80.00;79.50
03.06.2025;WO072221;E-LINE;24.00;32;0;HR-ELINE;0.57;80.00;79.43
03.06.2025;WO072221;E-LINE;24.00;40;0;HR-ELINE;232.87;100.00;-132.87
03.06.2025;WO072324;B-LINE;108.00;45;0;HR-BLINE;42.34;25.00;-17.34
03.06.2025;WO072324;B-LINE;108.00;480;8;HR-BLINE;266.66;266.67;0.01
03.06.2025;WO072325;B-LINE;108.00;100;5;HR-BLINE;74.27;55.56;-18.71
03.06.2025;WO072327;B-LINE;108.00;525;10;HR-BLINE;380.84;291.67;-89.17
03.06.2025;WO072330;B-LINE;108.00;80;8;HR-BLINE;37.50;44.44;6.94
03.06.2025;WO072330;B-LINE;108.00;445;0;HR-BLINE;290.90;247.22;-43.68
03.06.2025;WO072354;E-LINE;12.00;24;0;HR-ELINE;0.38;120.00;119.62
03.06.2025;WO072368;GS-LINE;1.20;2;0;HR-GS-SPINNER;0.61;100.00;99.39
03.06.2025;WO072369;GS-LINE;1.20;2;0;HR-GS-SPINNER;0.47;100.00;99.53
03.06.2025;WO072407;G-LINE;17.00;6;0;HR-ELINE;0.38;21.18;20.80
03.06.2025;WO072417;E-LINE;23.00;109;0;HR-ELINE;0.24;284.35;284.11
03.06.2025;WO072565;C-LINE;54.50;318;6;HR-BLINE;384.97;350.09;-34.88
03.06.2025;WO072579;GS-LINE;1.50;2;0;HR-GS-SPINNER;2.32;80.00;77.68
03.06.2025;WO072619;GS-LINE;1.50;2;0;HR-GS-SPINNER;1.06;80.00;78.94
03.06.2025;WO072957;G-LINE;17.00;7;0;HR-ELINE;0.44;24.71;24.27
03.06.2025;WO072957;G-LINE;17.00;93;0;HR-ELINE;0.66;328.24;327.58
03.06.2025;WO072960;G-LINE;16.50;20;0;HR-ELINE;1.19;72.73;71.54
03.06.2025;WO073012;C-LINE;54.50;88;0;HR-BLINE;80.66;96.88;16.22
02.06.2025;WO071593;F-LINE;13.00;1;0;HR-ELINE;214.52;4.62;-209.90
02.06.2025;WO071593;F-LINE;13.00;15;0;HR-ELINE;180.35;69.23;-111.12
02.06.2025;WO071593;F-LINE;13.00;16;0;HR-ELINE;1.16;73.85;72.69
02.06.2025;WO071735;MTM-SBM;2.00;1;0;HR-GS-SPINNER;1.18;30.00;28.82
02.06.2025;WO071881;G-LINE;10.00;35;0;HR-ELINE;0.53;210.00;209.47
02.06.2025;WO072143;GS-MTM;1.50;2;0;HR-GS-SPINNER;0.48;80.00;79.52
02.06.2025;WO072296;B-LINE;108.00;525;0;HR-BLINE;271.69;291.67;19.98
02.06.2025;WO072298;B-LINE;108.00;185;0;HR-BLINE;105.52;102.78;-2.74
02.06.2025;WO072298;B-LINE;108.00;340;1;HR-BLINE;197.79;188.89;-8.90
02.06.2025;WO072301;B-LINE;108.00;60;0;HR-BLINE;0.35;33.33;32.98
02.06.2025;WO072301;B-LINE;108.00;465;8;HR-BLINE;259.41;258.33;-1.08
02.06.2025;WO072407;G-LINE;17.00;1;0;HR-ELINE;118.99;3.53;-115.46
02.06.2025;WO072407;G-LINE;17.00;42;0;HR-ELINE;0.26;148.24;147.98
02.06.2025;WO072408;F-LINE;12.50;50;0;HR-ELINE;0.34;240.00;239.66
02.06.2025;WO072410;F-LINE;13.00;51;0;HR-ELINE;0.23;235.38;235.15
02.06.2025;WO072416;F-LINE;13.00;7;0;HR-ELINE;0.40;32.31;31.91
02.06.2025;WO072423;F-LINE;15.00;6;0;HR-ELINE;0.39;24.00;23.61
02.06.2025;WO072444;G-LINE;16.00;150;0;HR-ELINE;126.05;562.50;436.45
02.06.2025;WO072541;E-LINE;24.00;30;0;HR-ELINE;87.80;75.00;-12.80
02.06.2025;WO072565;C-LINE;54.50;270;8;HR-BLINE;325.87;297.25;-28.62
02.06.2025;WO073045;E-LINE;27.00;70;0;HR-ELINE;169.73;155.56;-14.17
02.06.2025;WO073149;F-LINE;13.00;12;0;HR-ELINE;9.02;55.38;46.36
02.06.2025;WO073350;G-LINE;16.50;3;0;HR-GS-SPINNER;0.34;10.91;10.57
02.06.2025;WO073350;GS-SOK;3.00;3;0;HR-GS-SPINNER;4.33;60.00;55.67
;;;;;;;108716.83;160.65;-108556.18
