Posting Date;Document No.;Item No.;Item ledger entry no.;Sales;Customer Code;Qty;Work Order;Description;Customer
31-07-2025;SI013654;159942;158351;54.00;1000103;-6;;Euro Pallets 80x120cm;KENDA GB Rugeley Ltd
31-07-2025;SI013654;260761;158352;480.00;1000103;-40;;WOOD PALLET 1,20 X 1,26M HEAT TREATED;KENDA GB Rugeley Ltd
31-07-2025;SI013654;260808;158353;291.60;1000103;-40;;WOOD TOP COVER 1,20X1,26 M HEAT TREATED;KENDA GB Rugeley Ltd
31-07-2025;SI013654;262291;158354;23.04;1000103;-6;;WOOD TOP COVER 1,2 0X 0,8M HEAT TREATED;KENDA GB Rugeley Ltd
31-07-2025;SI013654;275963;158348;10676.05;1000103;-77;WO073247;WB AG16.00x22.5 H2 8/221/275 Ø21.5 R16 ET-12;KENDA GB Rugeley Ltd
31-07-2025;SI013654;614014;158341;349.44;1000103;-4;WO072133;WB W13x20 H2 5/290/335 Ø21.5 R22.4 ET10;KENDA GB Rugeley Ltd
31-07-2025;SI013654;614014;158343;1223.04;1000103;-14;WO073233;WB W13x20 H2 5/290/335 Ø21.5 R22.4 ET10;KENDA GB Rugeley Ltd
31-07-2025;SI013654;614052;158344;6431.04;1000103;-154;WO073234;WB 9.00x15.3 H2 6/161/205 Ø20 R16 ET-45;KENDA GB Rugeley Ltd
31-07-2025;SI013654;676517;158345;4604.32;1000103;-112;WO073236;WB 9.00x15.3 H2 6/161/205 Ø21.5 R16 ET23;KENDA GB Rugeley Ltd
31-07-2025;SI013654;274522;158347;2810.00;1000103;-500;WO073242;WB 2.50Ax8 H2 4/85/115 Ø12.5 C90 ET0;KENDA GB Rugeley Ltd
31-07-2025;SI013654;614564;158349;14814.36;1000103;-172;WO073251;WB W13x20 H2 8/221/275 Ø21.5 R16 ET-15;KENDA GB Rugeley Ltd
31-07-2025;SI013654;161242;158350;1109.20;1000103;-8;WO073675;WB AG16.00x22.5 H2 8/221/275 Ø21.5 R16 ET-12;KENDA GB Rugeley Ltd
31-07-2025;SI013654;274515;158342;3194.10;1000103;-702;WO072812;WB 2.50Ax8 H2 4/67/101.6 Ø11.5 C90 ET0;KENDA GB Rugeley Ltd
31-07-2025;SI013654;274515;158346;3194.10;1000103;-702;WO073240;WB 2.50Ax8 H2 4/67/101.6 Ø11.5 C90 ET0;KENDA GB Rugeley Ltd
31-07-2025;SI013655;159942;158360;9.00;1000103;-1;;Euro Pallets 80x120cm;KENDA GB Rugeley Ltd
31-07-2025;SI013655;262291;158361;3.84;1000103;-1;;WOOD TOP COVER 1,2 0X 0,8M HEAT TREATED;KENDA GB Rugeley Ltd
31-07-2025;SI013655;161242;158359;554.60;1000103;-4;WO073675;WB AG16.00x22.5 H2 8/221/275 Ø21.5 R16 ET-12;KENDA GB Rugeley Ltd
31-07-2025;SI013658;143729;158377;609.30;1000106;-9;WO072949;WB 13.00x17 H2 10/93/140 Ø15 ET-39 Silver RAL9006;KENDA Deutschland GmbH
31-07-2025;SI013658;143774;158369;387.00;1000106;-6;WO072760;WB 8.50Ix12 H2 6/90/120 Ø14 ET-18 Orange (CP 1031);KENDA Deutschland GmbH
31-07-2025;SI013658;143842;158387;13009.88;1000106;-254;WO073822;WB 13.00x17 H2 6/161/205 Ø21.5 R16 ET0 Orange;KENDA Deutschland GmbH
31-07-2025;SI013658;143873;158381;545.71;1000106;-11;WO073189;WB 13LBx15 H2 6/161/205 Ø21.5 R16 ET0 VG2 Silver;KENDA Deutschland GmbH
31-07-2025;SI013658;159942;158388;117.00;1000106;-13;;Euro Pallets 80x120cm;KENDA Deutschland GmbH
31-07-2025;SI013658;162065;158374;176.24;1000106;-2;WO072924;WB 16.00x17 H2 6/161/205 Ø21.5 R16 ET0 VG3 Yellow;KENDA Deutschland GmbH
31-07-2025;SI013658;162065;158375;881.20;1000106;-10;WO072925;WB 16.00x17 H2 6/161/205 Ø21.5 R16 ET0 VG3 Yellow;KENDA Deutschland GmbH
31-07-2025;SI013658;162065;158382;352.48;1000106;-4;WO073196;WB 16.00x17 H2 6/161/205 Ø21.5 R16 ET0 VG3 Yellow;KENDA Deutschland GmbH
31-07-2025;SI013658;260761;158389;420.00;1000106;-35;;WOOD PALLET 1,20 X 1,26M HEAT TREATED;KENDA Deutschland GmbH
31-07-2025;SI013658;260808;158390;255.15;1000106;-35;;WOOD TOP COVER 1,20X1,26 M HEAT TREATED;KENDA Deutschland GmbH
31-07-2025;SI013658;262291;158391;49.92;1000106;-13;;WOOD TOP COVER 1,2 0X 0,8M HEAT TREATED;KENDA Deutschland GmbH
31-07-2025;SI013658;294230;158373;1071.63;1000106;-21;WO072898;WB 6.75x17.5 H2 6/161/205 Ø21.5 R16 ET0;KENDA Deutschland GmbH
31-07-2025;SI013658;447414;158384;5158.40;1000106;-80;WO073392;WB 13.00x17 H2 5/192/225 Ø18.5 R14 ET37;KENDA Deutschland GmbH
31-07-2025;SI013658;743547;158386;2500.68;1000106;-26;WO073782;WB W13x20 H2 8/221/275 Ø21.5 R16 ET60;KENDA Deutschland GmbH
31-07-2025;SI013658;105109;158376;171.60;1000106;-6;WO072939;WB 8.50Ix12 H2 5/80/115 Ø18.5 R14 ET-95;KENDA Deutschland GmbH
31-07-2025;SI013658;160221;158379;4813.68;1000106;-24;WO073029;WB 16.00x17 H2 6/161/205 Ø21.5 R16 ET0;KENDA Deutschland GmbH
31-07-2025;SI013658;453606;158378;392.00;1000106;-16;WO073021;WB 4.25Ix12 H2 6/117.8/152.4 Ø17.5 ET13;KENDA Deutschland GmbH
31-07-2025;SI013658;454061;158383;126.24;1000106;-2;WO073378;WB W9x18 H2 6/117.4/152.4 Ø17 ET-5;KENDA Deutschland GmbH
31-07-2025;SI013658;469768;158372;2583.36;1000106;-54;WO072895;WB 11LBx16 H2 6/161/205 Ø21.5 R16 ET-50;KENDA Deutschland GmbH
31-07-2025;SI013658;568942;158380;1081.20;1000106;-12;WO073074;WB 8LBx15 H2 5/94/140 Ø18.5 R14 ET30;KENDA Deutschland GmbH
31-07-2025;SI013658;657172;158370;183.60;1000106;-4;WO072761;WB W6x16 H2 6/90/120 Ø14.5 ET-50;KENDA Deutschland GmbH
31-07-2025;SI013658;657172;158385;183.60;1000106;-4;WO073593;WB W6x16 H2 6/90/120 Ø14.5 ET-50;KENDA Deutschland GmbH
31-07-2025;SI013658;718118;158368;700.00;1000106;-100;WO072358;WB 2.50Ax8 H2 4/60/100 Ø14.5 C60 ET0;KENDA Deutschland GmbH
31-07-2025;SI013658;729916;158371;4763.57;1000106;-119;WO072854;WB 6Jx15 H2 6/161/205 Ø21.5 R16 ET70;KENDA Deutschland GmbH
31-07-2025;SI013657;159942;158456;81.00;1007406;-9;;Euro Pallets 80x120cm;STIGA S.p.A. spare-parts 
31-07-2025;SI013657;159959;158457;15.24;1007406;-1;;Palette Frame L=1,20 B=0,80 (for Euro-Palett);STIGA S.p.A. spare-parts 
31-07-2025;SI013657;262291;158458;7.68;1007406;-2;;WOOD TOP COVER 1,2 0X 0,8M HEAT TREATED;STIGA S.p.A. spare-parts 
31-07-2025;SI013657;134819;158454;12.00;1007406;-50;;VL TR412 Rubber Snap-In;STIGA S.p.A. spare-parts 
31-07-2025;SI013657;153155;158453;112.40;1007406;-40;;TB 16x6.50-8 TR13 Deli;STIGA S.p.A. spare-parts 
31-07-2025;SI013657;318004;158440;37.20;1007406;-5;WO073518;WB 5.50Ax8 H2 3/62/100 Ø11.5 C60 ET0 Grey RAL9007;STIGA S.p.A. spare-parts 
31-07-2025;SI013657;318004;158455;111.60;1007406;-15;WO073926;WB 5.50Ax8 H2 3/62/100 Ø11.5 C60 ET0 Grey RAL9007;STIGA S.p.A. spare-parts 
31-07-2025;SI013657;329604;158452;73.60;1007406;-10;;TY 13x5.00-6 37A4 (2PR) TL E;STIGA S.p.A. spare-parts 
31-07-2025;SI013657;374734;158448;256.20;1007406;-30;;TY 160/50-8 50A4 (4PR) TL E;STIGA S.p.A. spare-parts 
31-07-2025;SI013657;452432;158447;55.00;1007406;-100;;Flanged Bush 20,20x30,0-4,0;STIGA S.p.A. spare-parts 
31-07-2025;SI013657;514581;158449;30.45;1007406;-3;WO073931;WI EPL 7.00Ix8 H2 19,2x106 TL Grey CP1066 STARCO;STIGA S.p.A. spare-parts 
31-07-2025;SI013657;514697;158429;181.75;1007406;-25;WO074019;WB 4.375Ax8 H2 3/62/100 Ø11.5 C60 ET0 Grey CP1066;STIGA S.p.A. spare-parts 
31-07-2025;SI013657;514697;158431;72.70;1007406;-10;WO074019;WB 4.375Ax8 H2 3/62/100 Ø11.5 C60 ET0 Grey CP1066;STIGA S.p.A. spare-parts 
31-07-2025;SI013657;514697;158442;29.08;1007406;-4;WO074019;WB 4.375Ax8 H2 3/62/100 Ø11.5 C60 ET0 Grey CP1066;STIGA S.p.A. spare-parts 
31-07-2025;SI013657;514697;158451;145.40;1007406;-20;WO074019;WB 4.375Ax8 H2 3/62/100 Ø11.5 C60 ET0 Grey CP1066;STIGA S.p.A. spare-parts 
31-07-2025;SI013657;514765;158450;43.35;1007406;-5;WO071956;WI GG 4.375Ax8 H2 20,1x89,5/81,5 TL Grey CP1066;STIGA S.p.A. spare-parts 
31-07-2025;SI013657;616162;158445;180.40;1007406;-20;;TY 15x6.00-6 46A4 (2PR) TL E;STIGA S.p.A. spare-parts 
31-07-2025;SI013657;616179;158446;721.44;1007406;-48;;TY 18x8.50-8 58A4 (2PR) TL E;STIGA S.p.A. spare-parts 
31-07-2025;SI013657;674230;158430;147.36;1007406;-12;;TY 200/55-8 52A4 (2PR) TL E;STIGA S.p.A. spare-parts 
31-07-2025;SI013657;674230;158439;1620.96;1007406;-132;;TY 200/55-8 52A4 (2PR) TL E;STIGA S.p.A. spare-parts 
31-07-2025;SI013657;674230;158441;2431.44;1007406;-198;;TY 200/55-8 52A4 (2PR) TL E;STIGA S.p.A. spare-parts 
31-07-2025;SI013656;159942;158422;594.00;1000108;-66;;Euro Pallets 80x120cm;KENDA Polska Sp. z.o.o.
31-07-2025;SI013656;262291;158423;253.44;1000108;-66;;WOOD TOP COVER 1,2 0X 0,8M HEAT TREATED;KENDA Polska Sp. z.o.o.
31-07-2025;SI013656;471242;158406;4824.75;1000108;-525;WO074243;WI GK 5.50Ax8 H2 20x89,5 TL Silver RAL9006 NORMAL;KENDA Polska Sp. z.o.o.
31-07-2025;SI013656;471242;158408;4824.75;1000108;-525;WO074246;WI GK 5.50Ax8 H2 20x89,5 TL Silver RAL9006 NORMAL;KENDA Polska Sp. z.o.o.
31-07-2025;SI013656;471242;158410;4824.75;1000108;-525;WO074251;WI GK 5.50Ax8 H2 20x89,5 TL Silver RAL9006 NORMAL;KENDA Polska Sp. z.o.o.
31-07-2025;SI013656;471242;158412;4824.75;1000108;-525;WO074258;WI GK 5.50Ax8 H2 20x89,5 TL Silver RAL9006 NORMAL;KENDA Polska Sp. z.o.o.
31-07-2025;SI013656;471242;158414;4824.75;1000108;-525;WO074265;WI GK 5.50Ax8 H2 20x89,5 TL Silver RAL9006 NORMAL;KENDA Polska Sp. z.o.o.
31-07-2025;SI013656;471242;158416;4824.75;1000108;-525;WO074269;WI GK 5.50Ax8 H2 20x89,5 TL Silver RAL9006 NORMAL;KENDA Polska Sp. z.o.o.
31-07-2025;SI013656;471242;158417;4824.75;1000108;-525;WO074272;WI GK 5.50Ax8 H2 20x89,5 TL Silver RAL9006 NORMAL;KENDA Polska Sp. z.o.o.
31-07-2025;SI013656;471242;158418;4824.75;1000108;-525;WO074275;WI GK 5.50Ax8 H2 20x89,5 TL Silver RAL9006 NORMAL;KENDA Polska Sp. z.o.o.
31-07-2025;SI013656;471242;158419;4824.75;1000108;-525;WO074280;WI GK 5.50Ax8 H2 20x89,5 TL Silver RAL9006 NORMAL;KENDA Polska Sp. z.o.o.
31-07-2025;SI013656;471242;158420;2894.85;1000108;-315;WO074284;WI GK 5.50Ax8 H2 20x89,5 TL Silver RAL9006 NORMAL;KENDA Polska Sp. z.o.o.
31-07-2025;SI013656;471242;158421;964.95;1000108;-105;WO070808;WI GK 5.50Ax8 H2 20x89,5 TL Silver RAL9006 NORMAL;KENDA Polska Sp. z.o.o.
31-07-2025;SI013656;739328;158415;1929.90;1000108;-210;WO074266;WI GK 5.50Ax8 H2 20x89,5 TL Black CP2004 6204 2RS;KENDA Polska Sp. z.o.o.
31-07-2025;SI013656;739335;158407;1551.90;1000108;-210;WO074245;WI GPL 5.50Ax8 H2 19,1x89,5 TL Black CP2004;KENDA Polska Sp. z.o.o.
31-07-2025;SI013656;739335;158409;3879.75;1000108;-525;WO074249;WI GPL 5.50Ax8 H2 19,1x89,5 TL Black CP2004;KENDA Polska Sp. z.o.o.
31-07-2025;SI013656;739335;158411;3879.75;1000108;-525;WO074253;WI GPL 5.50Ax8 H2 19,1x89,5 TL Black CP2004;KENDA Polska Sp. z.o.o.
31-07-2025;SI013656;739335;158413;2327.85;1000108;-315;WO074261;WI GPL 5.50Ax8 H2 19,1x89,5 TL Black CP2004;KENDA Polska Sp. z.o.o.
31-07-2025;SI013665;144276;158741;385.20;1007234;-6;WO073330;WB 10.50Ix12 H2 4/60/100 Ø15 C60 ET-20 RFH;BOHNENKAMP A/S
31-07-2025;SI013665;495569;158736;5044.68;1007234;-18;;DU Fixation Set MD+4 M16x1.5x95;BOHNENKAMP A/S
31-07-2025;SI013665;498843;158733;656.64;1007234;-38;WO070722;WI GK 2.10-4 13x95/90 RFD;BOHNENKAMP A/S
31-07-2025;SI013665;498843;158740;5184.00;1007234;-300;WO073310;WI GK 2.10-4 13x95/90 RFD;BOHNENKAMP A/S
31-07-2025;SI013665;703145;158739;645.48;1007234;-1;;DU Fixation Set HD+6 M18x1.5x95;BOHNENKAMP A/S
31-07-2025;SI013665;495866;158734;3735.18;1007234;-6;WO074610;DU Fixation Set HD+6 M16x1.5x95;BOHNENKAMP A/S
31-07-2025;SI013665;495866;158735;4980.24;1007234;-8;WO074610;DU Fixation Set HD+6 M16x1.5x95;BOHNENKAMP A/S
31-07-2025;SI013665;495866;158737;3735.18;1007234;-6;WO074610;DU Fixation Set HD+6 M16x1.5x95;BOHNENKAMP A/S
31-07-2025;SI013665;495842;158738;1699.56;1007234;-4;WO072160;DU Fixation Set HD+4 M16x1.5x95;BOHNENKAMP A/S
31-07-2025;SI013665;553399;158742;408.15;1007234;-1;WO073439;DU Wheel MD/HD DWW18Lx42/38-300,0;BOHNENKAMP A/S
31-07-2025;SI013659;159942;158713;18.00;1000404;-2;;Euro Pallets 80x120cm;KENDA Schweiz AG
31-07-2025;SI013659;582443;158712;962.50;1000404;-25;;DU GSL kit     (see drawing+BOM);KENDA Schweiz AG
31-07-2025;SI013662;159942;158710;45.00;1000108;-5;;Euro Pallets 80x120cm;KENDA Polska Sp. z.o.o.
31-07-2025;SI013662;262291;158711;19.20;1000108;-5;;WOOD TOP COVER 1,2 0X 0,8M HEAT TREATED;KENDA Polska Sp. z.o.o.
31-07-2025;SI013662;739328;158707;964.95;1000108;-105;WO074260;WI GK 5.50Ax8 H2 20x89,5 TL Black CP2004 6204 2RS;KENDA Polska Sp. z.o.o.
31-07-2025;SI013662;739328;158708;964.95;1000108;-105;WO072339;WI GK 5.50Ax8 H2 20x89,5 TL Black CP2004 6204 2RS;KENDA Polska Sp. z.o.o.
31-07-2025;SI013662;739328;158709;2894.85;1000108;-315;WO074266;WI GK 5.50Ax8 H2 20x89,5 TL Black CP2004 6204 2RS;KENDA Polska Sp. z.o.o.
31-07-2025;SI013664;159942;158730;9.00;1000104;-1;;Euro Pallets 80x120cm;KENDA België NV
31-07-2025;SI013664;262291;158731;3.84;1000104;-1;;WOOD TOP COVER 1,2 0X 0,8M HEAT TREATED;KENDA België NV
31-07-2025;SI013664;274522;158729;700.00;1000104;-100;WO073137;WB 2.50Ax8 H2 4/85/115 Ø12.5 C90 ET0;KENDA België NV
31-07-2025;SI013666;159942;158744;63.00;1007234;-7;;Euro Pallets 80x120cm;BOHNENKAMP A/S
31-07-2025;SI013666;159959;158745;91.44;1007234;-6;;Palette Frame L=1,20 B=0,80 (for Euro-Palett);BOHNENKAMP A/S
31-07-2025;SI013666;260808;158746;7.29;1007234;-1;;WOOD TOP COVER 1,20X1,26 M HEAT TREATED;BOHNENKAMP A/S
31-07-2025;SI013666;262291;158747;26.88;1007234;-7;;WOOD TOP COVER 1,2 0X 0,8M HEAT TREATED;BOHNENKAMP A/S
31-07-2025;SI013666;498829;158743;2552.40;1007234;-120;WO072049;WI GK 2.10-4 13x95/85;BOHNENKAMP A/S
31-07-2025;SI013660;260761;158725;84.00;1000404;-7;;WOOD PALLET 1,20 X 1,26M HEAT TREATED;KENDA Schweiz AG
31-07-2025;SI013660;260808;158726;51.03;1000404;-7;;WOOD TOP COVER 1,20X1,26 M HEAT TREATED;KENDA Schweiz AG
31-07-2025;SI013660;262291;158727;3.84;1000404;-1;;WOOD TOP COVER 1,2 0X 0,8M HEAT TREATED;KENDA Schweiz AG
31-07-2025;SI013660;585550;158723;6244.40;1000404;-67;WO073554;DU Wheel SOK3 5.50Fx18/17-140,0  DTS;KENDA Schweiz AG
31-07-2025;SI013660;688145;158722;671.52;1000404;-12;WO073536;WB W13x18 H2 6/161/205 Ø21.5 R16 ET40;KENDA Schweiz AG
31-07-2025;SI013660;610191;158721;1600.00;1000404;-200;WO074596;DU Headspindle  MD/SOK 410mm;KENDA Schweiz AG
31-07-2025;SI013660;610351;158718;648.76;1000404;-49;WO072986;DU Capnut SOK+;KENDA Schweiz AG
31-07-2025;SI013660;610351;158719;13.24;1000404;-1;WO069337;DU Capnut SOK+;KENDA Schweiz AG
31-07-2025;SI013660;610498;158720;1674.00;1000404;-150;WO073058;DU Capnut SOK+;KENDA Schweiz AG
31-07-2025;SI013660;634456;158724;478.00;1000404;-50;WO074603;DU Hookspindle  MD/SOK 405mm;KENDA Schweiz AG
31-07-2025;SI013669;143873;158601;297.66;1000106;-6;WO073189;WB 13LBx15 H2 6/161/205 Ø21.5 R16 ET0 VG2 Silver;KENDA Deutschland GmbH
31-07-2025;SI013667;159942;158753;9.00;1007189;-1;;Euro Pallets 80x120cm;GRASDORF GmbH
31-07-2025;SI013667;470481;158751;457.20;1007189;-24;WO074612;DU Hookspindle  HD/AW 845mm;GRASDORF GmbH
31-07-2025;SI013667;470481;158752;190.50;1007189;-10;WO074612;DU Hookspindle  HD/AW 845mm;GRASDORF GmbH
30-07-2025;SI013647;139968;157950;5880.60;1007236;-1089;WO073014;WB 2.50Ax8 H2 4/60/100 Ø14.5 C60 ET0;Bohnenkamp SIA
30-07-2025;SI013647;159942;157955;36.00;1007236;-4;;Euro Pallets 80x120cm;Bohnenkamp SIA
30-07-2025;SI013647;260761;157956;60.00;1007236;-5;;WOOD PALLET 1,20 X 1,26M HEAT TREATED;Bohnenkamp SIA
30-07-2025;SI013647;260808;157957;36.45;1007236;-5;;WOOD TOP COVER 1,20X1,26 M HEAT TREATED;Bohnenkamp SIA
30-07-2025;SI013647;262291;157958;15.36;1007236;-4;;WOOD TOP COVER 1,2 0X 0,8M HEAT TREATED;Bohnenkamp SIA
30-07-2025;SI013647;495972;157948;2490.12;1007236;-4;;DU Fixation Set HD+6 M18x1.5x95;Bohnenkamp SIA
30-07-2025;SI013647;581798;157949;2218.00;1007236;-200;WO073013;WI EK 5.50Ax8 H2 25x89/100 TL Silver RAL9006 6205;Bohnenkamp SIA
30-07-2025;SI013647;631622;157953;856.80;1007236;-80;;DU Capnut Kit MD+;Bohnenkamp SIA
30-07-2025;SI013647;447841;157952;374.40;1007236;-160;;DU Equalizing Disc  Angled 20°;Bohnenkamp SIA
30-07-2025;SI013647;631660;157954;921.60;1007236;-80;;DU Capnut Kit HD+;Bohnenkamp SIA
30-07-2025;SI013647;275376;157951;7624.00;1007236;-400;WO073017;WI EK 3.00Dx8 35x66/78;Bohnenkamp SIA
30-07-2025;SI013648;495866;157959;6225.30;1007236;-10;WO072726;DU Fixation Set HD+6 M16x1.5x95;Bohnenkamp SIA
30-07-2025;SI013649;260761;158021;0.00;1007218;-1;;WOOD PALLET 1,20 X 1,26M HEAT TREATED;A&A TRADING CO., LTD
30-07-2025;SI013649;260808;158022;0.00;1007218;-1;;WOOD TOP COVER 1,20X1,26 M HEAT TREATED;A&A TRADING CO., LTD
30-07-2025;SI013649;110097;158020;680.92;1007218;-2;WO073269;DU Wheel MD/HD DW11x38-200,0   156VSM;A&A TRADING CO., LTD
30-07-2025;SI013650;159942;157996;0.00;1007218;-1;;Euro Pallets 80x120cm;A&A TRADING CO., LTD
30-07-2025;SI013650;260761;157997;0.00;1007218;-11;;WOOD PALLET 1,20 X 1,26M HEAT TREATED;A&A TRADING CO., LTD
30-07-2025;SI013650;260808;157998;0.00;1007218;-11;;WOOD TOP COVER 1,20X1,26 M HEAT TREATED;A&A TRADING CO., LTD
30-07-2025;SI013650;447902;157995;338.26;1007218;-24;;DU Headspindle  MD/SOK 550mm;A&A TRADING CO., LTD
30-07-2025;SI013650;110097;157991;7490.12;1007218;-22;WO073269;DU Wheel MD/HD DW11x38-200,0   156VSM;A&A TRADING CO., LTD
30-07-2025;SI013650;631615;157994;690.20;1007218;-50;50;DU Capnut Kit MD+;A&A TRADING CO., LTD
30-07-2025;SI013650;632742;157992;4334.69;1007218;-12;;DU Fixation Set MD+4 M16x1.5x145;A&A TRADING CO., LTD
30-07-2025;SI013650;632742;157993;722.45;1007218;-2;;DU Fixation Set MD+4 M16x1.5x145;A&A TRADING CO., LTD
30-07-2025;SI013651;159942;158032;9.00;1007188;-1;;Euro Pallets 80x120cm;Ammann Czech Republic s.r.o.
30-07-2025;SI013651;260761;158033;12.00;1007188;-1;;WOOD PALLET 1,20 X 1,26M HEAT TREATED;Ammann Czech Republic s.r.o.
30-07-2025;SI013651;260808;158034;7.29;1007188;-1;;WOOD TOP COVER 1,20X1,26 M HEAT TREATED;Ammann Czech Republic s.r.o.
30-07-2025;SI013651;262291;158035;3.84;1007188;-1;;WOOD TOP COVER 1,2 0X 0,8M HEAT TREATED;Ammann Czech Republic s.r.o.
30-07-2025;SI013651;495118;158031;655.00;1007188;-4;WO073340;WB 6Jx15 H2 5/93/140 Ø18.5 R14 ET-182.5;Ammann Czech Republic s.r.o.
30-07-2025;SI013651;532950;158030;2475.00;1007188;-15;WO073338;WB 7JAx15 6/180/210 Ø15 ET-142.5;Ammann Czech Republic s.r.o.
29-07-2025;SI013645;159942;157937;36.00;1000404;-4;;Euro Pallets 80x120cm;KENDA Schweiz AG
29-07-2025;SI013645;260761;157938;312.00;1000404;-26;;WOOD PALLET 1,20 X 1,26M HEAT TREATED;KENDA Schweiz AG
29-07-2025;SI013645;260808;157939;189.54;1000404;-26;;WOOD TOP COVER 1,20X1,26 M HEAT TREATED;KENDA Schweiz AG
29-07-2025;SI013645;262291;157940;15.36;1000404;-4;;WOOD TOP COVER 1,2 0X 0,8M HEAT TREATED;KENDA Schweiz AG
29-07-2025;SI013645;585024;157926;573.60;1000404;-2;WO073552;DU Wheel MD/HD W8x44/34K-300,0   170VSM;KENDA Schweiz AG
29-07-2025;SI013645;611051;157925;333.60;1000404;-1;WO073551;DU Wheel MD/HD W8x48/38K-300,0   170VSM;KENDA Schweiz AG
29-07-2025;SI013645;585550;157928;3075.60;1000404;-33;WO073554;DU Wheel SOK3 5.50Fx18/17-140,0  DTS;KENDA Schweiz AG
29-07-2025;SI013645;590219;157917;120.64;1000404;-2;WO073277;WB 13.00x17 H2 6/161/205 Ø21.5 16.0 ET66;KENDA Schweiz AG
29-07-2025;SI013645;590219;157918;2895.36;1000404;-48;WO073279;WB 13.00x17 H2 6/161/205 Ø21.5 16.0 ET66;KENDA Schweiz AG
29-07-2025;SI013645;116075;157915;424.00;1000404;-2;WO072830;DU Wheel MD/HD W7x36/28-170,0;KENDA Schweiz AG
29-07-2025;SI013645;117829;157919;615.20;1000404;-2;WO073421;DU Wheel MD/HD W8x48/38K-350,0   240VSM;KENDA Schweiz AG
29-07-2025;SI013645;118031;157931;687.20;1000404;-2;WO073560;DU Wheel MD/HD W10x50-200,0   154VSM;KENDA Schweiz AG
29-07-2025;SI013645;118512;157930;455.20;1000404;-2;WO073558;DU Wheel MD/HD W10x38-170,0   130VSM;KENDA Schweiz AG
29-07-2025;SI013645;118543;157920;568.80;1000404;-2;WO073525;DU Wheel MD/HD W10x44/38K-250,0   150VSM;KENDA Schweiz AG
29-07-2025;SI013645;118604;157932;695.20;1000404;-2;WO073568;DU Wheel MD/HD W8x48/38K-350,0   210VSM;KENDA Schweiz AG
29-07-2025;SI013645;535340;157921;2105.80;1000404;-10;WO073527;WB 13.00x17 H2 6/161/205 Ø21.5 R16 ET100;KENDA Schweiz AG
29-07-2025;SI013645;583747;157927;506.40;1000404;-2;WO073553;DU Wheel MD/HD W8x40/30K-300,0   160VSM;KENDA Schweiz AG
29-07-2025;SI013645;584898;157936;589.60;1000404;-2;WO073786;DU Wheel MD/HD W10x44/34K-300,0   180VSM;KENDA Schweiz AG
29-07-2025;SI013645;585345;157916;2433.60;1000404;-26;WO073094;DU Wheel SOK2 5.50Fx18/17-140,0  DTS   128VSM;KENDA Schweiz AG
29-07-2025;SI013645;586571;157922;573.60;1000404;-2;WO073545;DU Wheel MD/HD W8x44/34K-300,0   190VSM;KENDA Schweiz AG
29-07-2025;SI013645;586571;157934;573.60;1000404;-2;WO073780;DU Wheel MD/HD W8x44/34K-300,0   190VSM;KENDA Schweiz AG
29-07-2025;SI013645;587271;157924;320.80;1000404;-2;WO073550;DU Wheel MD/HD W8x24/20-170,0   136VSM;KENDA Schweiz AG
29-07-2025;SI013645;594750;157935;349.60;1000404;-2;WO073785;DU Wheel MD/HD W8x28/24-170,0   140VSM;KENDA Schweiz AG
29-07-2025;SI013645;596631;157923;430.40;1000404;-2;WO073548;DU Wheel MD/HD W8x36/28-200,0;KENDA Schweiz AG
29-07-2025;SI013645;644561;157933;349.60;1000404;-2;WO073779;DU Wheel MD/HD W7x28/24-170,0   138VSM;KENDA Schweiz AG
29-07-2025;SI013645;711874;157929;1720.80;1000404;-6;WO073555;DU Wheel MD/HD W8x44/34K-300,0   170VSM;KENDA Schweiz AG
29-07-2025;SI013645;729039;157914;424.00;1000404;-2;WO071710;DU Wheel MD/HD W7x36/28K-200,0   160VSM;KENDA Schweiz AG
28-07-2025;SI013642;112091;157709;376.00;1000106;-16;WO072944;WB 7.00Ix12 H2 5/93/140 Ø15 ET-10 Silver RAL9006;KENDA Deutschland GmbH
28-07-2025;SI013642;143828;157706;114.46;1000106;-2;WO072930;WB 13.00x17 H2 6/161/205 Ø21.5 R16 ET-85 VG3;KENDA Deutschland GmbH
28-07-2025;SI013642;143842;157707;102.44;1000106;-2;WO072931;WB 13.00x17 H2 6/161/205 Ø21.5 R16 ET0 Orange;KENDA Deutschland GmbH
28-07-2025;SI013642;143842;157721;1536.60;1000106;-30;WO073822;WB 13.00x17 H2 6/161/205 Ø21.5 R16 ET0 Orange;KENDA Deutschland GmbH
28-07-2025;SI013642;143866;157711;116.36;1000106;-2;WO073188;WB 13LBx15 H2 5/67/112 Ø18.5 R14 ET-50 Silver;KENDA Deutschland GmbH
28-07-2025;SI013642;143873;157712;446.49;1000106;-9;WO073189;WB 13LBx15 H2 6/161/205 Ø21.5 R16 ET0 VG2 Silver;KENDA Deutschland GmbH
28-07-2025;SI013642;143880;157713;230.02;1000106;-7;WO073190;WB 7.00Ix12 H2 10/93/140 Ø16.5 ET20 Silver;KENDA Deutschland GmbH
28-07-2025;SI013642;159942;157722;108.00;1000106;-12;;Euro Pallets 80x120cm;KENDA Deutschland GmbH
28-07-2025;SI013642;162065;157714;11984.32;1000106;-136;WO073196;WB 16.00x17 H2 6/161/205 Ø21.5 R16 ET0 VG3 Yellow;KENDA Deutschland GmbH
28-07-2025;SI013642;260761;157723;384.00;1000106;-32;;WOOD PALLET 1,20 X 1,26M HEAT TREATED;KENDA Deutschland GmbH
28-07-2025;SI013642;260808;157724;233.28;1000106;-32;;WOOD TOP COVER 1,20X1,26 M HEAT TREATED;KENDA Deutschland GmbH
28-07-2025;SI013642;262291;157725;46.08;1000106;-12;;WOOD TOP COVER 1,2 0X 0,8M HEAT TREATED;KENDA Deutschland GmbH
28-07-2025;SI013642;276328;157702;347.46;1000106;-6;WO072876;WB 13LBx15 H2 6/161/205 Ø21.5 R16 ET-100;KENDA Deutschland GmbH
28-07-2025;SI013642;276328;157719;231.64;1000106;-4;WO073733;WB 13LBx15 H2 6/161/205 Ø21.5 R16 ET-100;KENDA Deutschland GmbH
28-07-2025;SI013642;456751;157703;1262.34;1000106;-18;WO072893;WB W14Lx18 H2 8/221/275 Ø27 R18 ET36;KENDA Deutschland GmbH
28-07-2025;SI013642;509556;157699;1185.60;1000106;-80;WO072743;WI EK 7.00Ax8 H2 30x92/102;KENDA Deutschland GmbH
28-07-2025;SI013642;509556;157700;666.90;1000106;-45;WO072743;WI EK 7.00Ax8 H2 30x92/102;KENDA Deutschland GmbH
28-07-2025;SI013642;511313;157718;765.10;1000106;-10;WO073591;WB W9x20 H2 6/114.5/152 Ø16 ET-45;KENDA Deutschland GmbH
28-07-2025;SI013642;633022;157715;3191.40;1000106;-60;WO073204;WB 6Jx16 H2 5/97/140 Ø18.5 R14 ET60;KENDA Deutschland GmbH
28-07-2025;SI013642;743547;157720;3366.30;1000106;-35;WO073782;WB W13x20 H2 8/221/275 Ø21.5 R16 ET60;KENDA Deutschland GmbH
28-07-2025;SI013642;699578;157717;1656.36;1000106;-36;WO073409;WB 11Jx16 H2 6/161/205 Ø21.5 R16 ET0;KENDA Deutschland GmbH
28-07-2025;SI013642;105109;157708;1372.80;1000106;-48;WO072939;WB 8.50Ix12 H2 5/80/115 Ø18.5 R14 ET-95;KENDA Deutschland GmbH
28-07-2025;SI013642;149516;157704;1467.85;1000106;-31;WO072919;WB AG13.00x15.5 H2 6/161/205 Ø21.5 R16 ET50;KENDA Deutschland GmbH
28-07-2025;SI013642;149660;157705;1198.08;1000106;-16;WO072920;WB 16.00x17 H2 6/161/205 Ø21.5 R16 ET0;KENDA Deutschland GmbH
28-07-2025;SI013642;155470;157716;3868.80;1000106;-60;WO073290;WB 6Jx16 H2 6/161/205 Ø18.5 R14 ET70;KENDA Deutschland GmbH
28-07-2025;SI013642;714721;157710;1766.00;1000106;-50;WO073039;WB 5JAx12 H2 5/93/140 Ø15 ET25;KENDA Deutschland GmbH
28-07-2025;SI013642;719368;157701;1178.56;1000106;-8;WO072853;WB AG16.00x22.5 H2 6/161/205 Ø21.5 R16 ET0;KENDA Deutschland GmbH
28-07-2025;SI013644;139968;157678;1570.00;1000104;-250;WO073084;WB 2.50Ax8 H2 4/60/100 Ø14.5 C60 ET0;KENDA België NV
28-07-2025;SI013644;159942;157684;36.00;1000104;-4;;Euro Pallets 80x120cm;KENDA België NV
28-07-2025;SI013644;260761;157685;144.00;1000104;-12;;WOOD PALLET 1,20 X 1,26M HEAT TREATED;KENDA België NV
28-07-2025;SI013644;260808;157686;87.48;1000104;-12;;WOOD TOP COVER 1,20X1,26 M HEAT TREATED;KENDA België NV
28-07-2025;SI013644;262291;157687;15.36;1000104;-4;;WOOD TOP COVER 1,2 0X 0,8M HEAT TREATED;KENDA België NV
28-07-2025;SI013644;274539;157677;4697.00;1000104;-550;WO072626;WB 3.50Bx10 H2 4/60/100 Ø14.5 C60 ET0;KENDA België NV
28-07-2025;SI013644;274539;157679;2135.00;1000104;-250;WO073134;WB 3.50Bx10 H2 4/60/100 Ø14.5 C60 ET0;KENDA België NV
28-07-2025;SI013644;274539;157680;3416.00;1000104;-400;WO073135;WB 3.50Bx10 H2 4/60/100 Ø14.5 C60 ET0;KENDA België NV
28-07-2025;SI013644;274539;157681;1281.00;1000104;-150;WO073402;WB 3.50Bx10 H2 4/60/100 Ø14.5 C60 ET0;KENDA België NV
28-07-2025;SI013644;274539;157683;2135.00;1000104;-250;WO073578;WB 3.50Bx10 H2 4/60/100 Ø14.5 C60 ET0;KENDA België NV
28-07-2025;SI013644;276427;157675;4748.80;1000104;-280;WO068833;WI GK 4.00Ex9 35x68;KENDA België NV
28-07-2025;SI013644;274553;157676;1281.00;1000104;-150;WO072193;WB 3.50Bx10 H2 4/85/115 Ø12.5 C90 ET0;KENDA België NV
28-07-2025;SI013639;159942;157537;216.00;1002669;-24;;Euro Pallets 80x120cm;Grasdorf Rad  GmbH
28-07-2025;SI013639;260761;157538;204.00;1002669;-17;;WOOD PALLET 1,20 X 1,26M HEAT TREATED;Grasdorf Rad  GmbH
28-07-2025;SI013639;260808;157539;123.93;1002669;-17;;WOOD TOP COVER 1,20X1,26 M HEAT TREATED;Grasdorf Rad  GmbH
28-07-2025;SI013639;262291;157540;92.16;1002669;-24;;WOOD TOP COVER 1,2 0X 0,8M HEAT TREATED;Grasdorf Rad  GmbH
28-07-2025;SI013639;494685;157529;1565.00;1002669;-10;WO073358;DU Spacer Emc2 30-285;Grasdorf Rad  GmbH
28-07-2025;SI013639;494784;157522;625.50;1002669;-3;WO072653;DU Spacer Emc2 34-335;Grasdorf Rad  GmbH
28-07-2025;SI013639;494784;157524;2085.00;1002669;-10;WO072735;DU Spacer Emc2 34-335;Grasdorf Rad  GmbH
28-07-2025;SI013639;494876;157526;3202.50;1002669;-15;WO072967;DU Spacer Emc2 38-335;Grasdorf Rad  GmbH
28-07-2025;SI013639;494890;157523;1145.00;1002669;-5;WO072654;DU Spacer Emc2 38-385;Grasdorf Rad  GmbH
28-07-2025;SI013639;494890;157527;3664.00;1002669;-16;WO072968;DU Spacer Emc2 38-385;Grasdorf Rad  GmbH
28-07-2025;SI013639;495484;157530;1022.00;1002669;-7;WO073359;DU Spacer Standard 28-300;Grasdorf Rad  GmbH
28-07-2025;SI013639;495484;157531;292.00;1002669;-2;WO073361;DU Spacer Standard 28-300;Grasdorf Rad  GmbH
28-07-2025;SI013639;501321;157535;1243.60;1002669;-10;WO073366;DU Spacer Stepped 48/38-128;Grasdorf Rad  GmbH
28-07-2025;SI013639;549453;157536;1280.80;1002669;-10;WO073367;DU Spacer Stepped 50/38-127,5;Grasdorf Rad  GmbH
28-07-2025;SI013639;625522;157534;1821.00;1002669;-15;WO073365;DU Spacer Stepped 38/28-127;Grasdorf Rad  GmbH
28-07-2025;SI013639;667140;157528;1018.00;1002669;-5;WO073357;DU Spacer Standard 42-300;Grasdorf Rad  GmbH
28-07-2025;SI013639;668031;157521;1260.00;1002669;-6;WO072651;DU Spacer Standard 32K-400;Grasdorf Rad  GmbH
28-07-2025;SI013639;668031;157532;1680.00;1002669;-8;WO073362;DU Spacer Standard 32K-400;Grasdorf Rad  GmbH
28-07-2025;SI013639;696652;157525;2535.00;1002669;-10;WO072966;DU Spacer Emc2 44K-335 V68;Grasdorf Rad  GmbH
28-07-2025;SI013639;714813;157533;915.00;1002669;-5;WO073363;DU Spacer Standard 38-350,0;Grasdorf Rad  GmbH
28-07-2025;SI013640;159942;157631;72.00;1002669;-8;;Euro Pallets 80x120cm;Grasdorf Rad  GmbH
28-07-2025;SI013640;260761;157632;48.00;1002669;-4;;WOOD PALLET 1,20 X 1,26M HEAT TREATED;Grasdorf Rad  GmbH
28-07-2025;SI013640;260808;157633;29.16;1002669;-4;;WOOD TOP COVER 1,20X1,26 M HEAT TREATED;Grasdorf Rad  GmbH
28-07-2025;SI013640;262291;157634;30.72;1002669;-8;;WOOD TOP COVER 1,2 0X 0,8M HEAT TREATED;Grasdorf Rad  GmbH
28-07-2025;SI013640;494784;157623;417.00;1002669;-2;WO072653;DU Spacer Emc2 34-335;Grasdorf Rad  GmbH
28-07-2025;SI013640;494876;157624;1067.50;1002669;-5;WO072967;DU Spacer Emc2 38-335;Grasdorf Rad  GmbH
28-07-2025;SI013640;494890;157625;916.00;1002669;-4;WO072968;DU Spacer Emc2 38-385;Grasdorf Rad  GmbH
28-07-2025;SI013640;495484;157627;438.00;1002669;-3;WO073359;DU Spacer Standard 28-300;Grasdorf Rad  GmbH
28-07-2025;SI013640;495484;157628;1168.00;1002669;-8;WO073361;DU Spacer Standard 28-300;Grasdorf Rad  GmbH
28-07-2025;SI013640;667140;157626;1018.00;1002669;-5;WO073357;DU Spacer Standard 42-300;Grasdorf Rad  GmbH
28-07-2025;SI013640;668031;157629;420.00;1002669;-2;WO073362;DU Spacer Standard 32K-400;Grasdorf Rad  GmbH
28-07-2025;SI013640;714813;157630;915.00;1002669;-5;WO073363;DU Spacer Standard 38-350,0;Grasdorf Rad  GmbH
28-07-2025;SI013641;159942;157618;36.00;1007189;-4;;Euro Pallets 80x120cm;GRASDORF GmbH
28-07-2025;SI013641;159959;157619;91.44;1007189;-6;;Palette Frame L=1,20 B=0,80 (for Euro-Palett);GRASDORF GmbH
28-07-2025;SI013641;262291;157620;15.36;1007189;-4;;WOOD TOP COVER 1,2 0X 0,8M HEAT TREATED;GRASDORF GmbH
28-07-2025;SI013641;470504;157608;2718.90;1007189;-171;;DU Headspindle  HD/AW 950mm;GRASDORF GmbH
28-07-2025;SI013641;481920;157609;7905.00;1007189;-310;WO073158;DU Clamp HD;GRASDORF GmbH
28-07-2025;SI013641;631677;157617;512.00;1007189;-40;;DU Capnut Kit HD+;GRASDORF GmbH
28-07-2025;SI013641;447919;157613;187.80;1007189;-12;WO072635;DU Headspindle  MD/SOK 805mm;GRASDORF GmbH
28-07-2025;SI013641;470481;157607;76.20;1007189;-4;WO065353;DU Hookspindle  HD/AW 845mm;GRASDORF GmbH
28-07-2025;SI013641;586151;157614;208.80;1007189;-2;WO073354;DU AW Spacer Standard 24-200,0;GRASDORF GmbH
28-07-2025;SI013641;623474;157616;44.80;1007189;-2;WO074149;DU Support bridge AW 8@203.2/ 22 C90 H0 Red;GRASDORF GmbH
28-07-2025;SI013641;623498;157615;85.40;1007189;-4;WO073355;DU Support bridge AW 6@205/ 22 C90 H0 Red;GRASDORF GmbH
28-07-2025;SI013641;650746;157610;68.50;1007189;-2;;DU Support bridge AW 8@275/ 22 C90 H140 Red;GRASDORF GmbH
28-07-2025;SI013641;650869;157611;34.25;1007189;-1;;DU Support bridge AW 8@275/ 20 C90 H150 Blue;GRASDORF GmbH
28-07-2025;SI013641;650876;157612;34.25;1007189;-1;;DU Support bridge AW 8@275/ 20 C90 H150 Red;GRASDORF GmbH
28-07-2025;SI013643;159942;157655;252.00;1000108;-28;;Euro Pallets 80x120cm;KENDA Polska Sp. z.o.o.
28-07-2025;SI013643;262291;157656;107.52;1000108;-28;;WOOD TOP COVER 1,2 0X 0,8M HEAT TREATED;KENDA Polska Sp. z.o.o.
28-07-2025;SI013643;471198;157649;648.00;1000108;-90;WO073705;WI GG 4.375Ax8 H2 20,1x89,5/81,5 TL Silver;KENDA Polska Sp. z.o.o.
28-07-2025;SI013643;471242;157651;4824.75;1000108;-525;WO073724;WI GK 5.50Ax8 H2 20x89,5 TL Silver RAL9006 NORMAL;KENDA Polska Sp. z.o.o.
28-07-2025;SI013643;540221;157646;1300.76;1000108;-62;WO069152;WI EK 4.50Ix9 H2 35x66/78;KENDA Polska Sp. z.o.o.
28-07-2025;SI013643;540221;157647;251.76;1000108;-12;WO073127;WI EK 4.50Ix9 H2 35x66/78;KENDA Polska Sp. z.o.o.
28-07-2025;SI013643;739328;157650;4824.75;1000108;-525;WO073721;WI GK 5.50Ax8 H2 20x89,5 TL Black CP2004 6204 2RS;KENDA Polska Sp. z.o.o.
28-07-2025;SI013643;739328;157652;4824.75;1000108;-525;WO073726;WI GK 5.50Ax8 H2 20x89,5 TL Black CP2004 6204 2RS;KENDA Polska Sp. z.o.o.
28-07-2025;SI013643;739328;157654;827.10;1000108;-90;WO073633;WI GK 5.50Ax8 H2 20x89,5 TL Black CP2004 6204 2RS;KENDA Polska Sp. z.o.o.
28-07-2025;SI013643;739335;157653;2327.85;1000108;-315;WO074245;WI GPL 5.50Ax8 H2 19,1x89,5 TL Black CP2004;KENDA Polska Sp. z.o.o.
28-07-2025;SI013643;657165;157648;5184.00;1000108;-400;WO073444;WB 7.0ATx8 H2 4/60/100 Ø14.5 C60 ET0;KENDA Polska Sp. z.o.o.
25-07-2025;SI013633;159942;157343;45.00;1002672;-5;;Euro Pallets 80x120cm;SODIJANTES INDUSTRIE SAS
25-07-2025;SI013633;159959;157344;76.20;1002672;-5;;Palette Frame L=1,20 B=0,80 (for Euro-Palett);SODIJANTES INDUSTRIE SAS
25-07-2025;SI013633;260761;157345;72.00;1002672;-6;;WOOD PALLET 1,20 X 1,26M HEAT TREATED;SODIJANTES INDUSTRIE SAS
25-07-2025;SI013633;260808;157346;43.74;1002672;-6;;WOOD TOP COVER 1,20X1,26 M HEAT TREATED;SODIJANTES INDUSTRIE SAS
25-07-2025;SI013633;262291;157347;15.36;1002672;-4;;WOOD TOP COVER 1,2 0X 0,8M HEAT TREATED;SODIJANTES INDUSTRIE SAS
25-07-2025;SI013633;408019;157332;62.64;1002672;-6;;DU Handle bar  HD   536mm;SODIJANTES INDUSTRIE SAS
25-07-2025;SI013633;422398;157339;3348.00;1002672;-200;;DU Headspindle  HD/AW 565mm;SODIJANTES INDUSTRIE SAS
25-07-2025;SI013633;481920;157327;122.40;1002672;-4;WO071297;DU Clamp HD;SODIJANTES INDUSTRIE SAS
25-07-2025;SI013633;481920;157328;6609.60;1002672;-216;WO072994;DU Clamp HD;SODIJANTES INDUSTRIE SAS
25-07-2025;SI013633;481920;157329;2172.60;1002672;-71;WO073158;DU Clamp HD;SODIJANTES INDUSTRIE SAS
25-07-2025;SI013633;481920;157330;703.80;1002672;-23;WO073937;DU Clamp HD;SODIJANTES INDUSTRIE SAS
25-07-2025;SI013633;494968;157336;2347.20;1002672;-8;WO072782;DU Spacer Emc2 42K-385;SODIJANTES INDUSTRIE SAS
25-07-2025;SI013633;631448;157340;3120.00;1002672;-400;;DU Footbase HD      Standard;SODIJANTES INDUSTRIE SAS
25-07-2025;SI013633;447827;157342;444.00;1002672;-200;;DU Equalizing Disc  Angled 10°;SODIJANTES INDUSTRIE SAS
25-07-2025;SI013633;408156;157341;78.72;1002672;-2;;DU Socket wrench;SODIJANTES INDUSTRIE SAS
25-07-2025;SI013633;494913;157335;1099.20;1002672;-4;WO072781;DU Spacer Emc2 38K-385;SODIJANTES INDUSTRIE SAS
25-07-2025;SI013633;494944;157337;3276.00;1002672;-12;WO072783;DU Spacer Emc2 42K-335;SODIJANTES INDUSTRIE SAS
25-07-2025;SI013633;495804;157331;1536.00;1002672;-100;WO071052;DU Capnut Kit HD+ M22x2.5x96mm w/o Nuts;SODIJANTES INDUSTRIE SAS
25-07-2025;SI013633;631660;157338;3072.00;1002672;-200;;DU Capnut Kit HD+;SODIJANTES INDUSTRIE SAS
25-07-2025;SI013633;713489;157334;727.20;1002672;-4;WO072780;DU Spacer Emc2 28-285,0;SODIJANTES INDUSTRIE SAS
25-07-2025;SI013634;159942;157325;27.00;1007232;-3;;Euro Pallets 80x120cm;Bohnenkamp Benelux BV
25-07-2025;SI013634;262291;157326;11.52;1007232;-3;;WOOD TOP COVER 1,2 0X 0,8M HEAT TREATED;Bohnenkamp Benelux BV
25-07-2025;SI013634;457208;157323;1153.60;1007232;-14;WO073373;WB W8x16 H2 6/117.7/152.4 Ø17.5 ET11;Bohnenkamp Benelux BV
25-07-2025;SI013634;622040;157324;1102.80;1007232;-10;WO073376;WB 10LBx15 H2 6/117.4/152.4 Ø17.5 ET-35;Bohnenkamp Benelux BV
25-07-2025;SI013634;648118;157322;896.10;1007232;-10;WO073372;WB 9.00x15.3 H2 6/117.7/152.4 Ø17.5 ET-56;Bohnenkamp Benelux BV
25-07-2025;SI013635;159942;157468;9.00;1000103;-1;;Euro Pallets 80x120cm;KENDA GB Rugeley Ltd
25-07-2025;SI013635;409405;157467;180.00;1000103;-20;;TY 16x7.50-8 70A3 (4PR) TL E;KENDA GB Rugeley Ltd
25-07-2025;SI013636;159942;157479;9.00;1000103;-1;;Euro Pallets 80x120cm;KENDA GB Rugeley Ltd
25-07-2025;SI013636;260761;157480;528.00;1000103;-44;;WOOD PALLET 1,20 X 1,26M HEAT TREATED;KENDA GB Rugeley Ltd
25-07-2025;SI013636;260808;157481;320.76;1000103;-44;;WOOD TOP COVER 1,20X1,26 M HEAT TREATED;KENDA GB Rugeley Ltd
25-07-2025;SI013636;262291;157482;3.84;1000103;-1;;WOOD TOP COVER 1,2 0X 0,8M HEAT TREATED;KENDA GB Rugeley Ltd
25-07-2025;SI013636;613987;157473;5776.40;1000103;-40;WO072797;WB AG16.00x22.5 H2 5/290/335 Ø21.5 R22.4 ET-20;KENDA GB Rugeley Ltd
25-07-2025;SI013636;613987;157475;9097.83;1000103;-63;WO073232;WB AG16.00x22.5 H2 5/290/335 Ø21.5 R22.4 ET-20;KENDA GB Rugeley Ltd
25-07-2025;SI013636;614014;157476;16248.96;1000103;-186;WO073233;WB W13x20 H2 5/290/335 Ø21.5 R22.4 ET10;KENDA GB Rugeley Ltd
25-07-2025;SI013636;614052;157474;2171.52;1000103;-52;WO072799;WB 9.00x15.3 H2 6/161/205 Ø20 R16 ET-45;KENDA GB Rugeley Ltd
25-07-2025;SI013636;429038;157477;13987.16;1000103;-332;WO073248;WB 9.00x15.3 H2 6/161/205 Ø21.5 R16 ET20;KENDA GB Rugeley Ltd
25-07-2025;SI013636;614564;157478;2067.12;1000103;-24;WO073251;WB W13x20 H2 8/221/275 Ø21.5 R16 ET-15;KENDA GB Rugeley Ltd
25-07-2025;SI013637;260761;157500;300.00;1000404;-25;;WOOD PALLET 1,20 X 1,26M HEAT TREATED;KENDA Schweiz AG
25-07-2025;SI013637;260808;157501;182.25;1000404;-25;;WOOD TOP COVER 1,20X1,26 M HEAT TREATED;KENDA Schweiz AG
25-07-2025;SI013637;262291;157502;26.88;1000404;-7;;WOOD TOP COVER 1,2 0X 0,8M HEAT TREATED;KENDA Schweiz AG
25-07-2025;SI013637;733975;157486;5108.49;1000404;-93;WO071505;WB 6Jx16 H2 5/94/140 Ø18.5 R14 ET68;KENDA Schweiz AG
25-07-2025;SI013637;113920;157491;4140.00;1000404;-50;WO073276;DU Wheel SOK2 W6x16/15-108,0   96VSM;KENDA Schweiz AG
25-07-2025;SI013637;113920;157493;4140.00;1000404;-50;WO073285;DU Wheel SOK2 W6x16/15-108,0   96VSM;KENDA Schweiz AG
25-07-2025;SI013637;113920;157494;1656.00;1000404;-20;WO073435;DU Wheel SOK2 W6x16/15-108,0   96VSM;KENDA Schweiz AG
25-07-2025;SI013637;155173;157497;349.60;1000404;-2;WO073788;DU Wheel MD/HD W8x28/24-170,0   140VSM;KENDA Schweiz AG
25-07-2025;SI013637;585550;157490;5592.00;1000404;-60;WO073258;DU Wheel SOK3 5.50Fx18/17-140,0  DTS;KENDA Schweiz AG
25-07-2025;SI013637;585734;157487;212.40;1000404;-3;WO072345;DU Wheel SOK2 4.50Ex16/15.3-108,0  DTS   97VSM;KENDA Schweiz AG
25-07-2025;SI013637;585826;157489;3430.40;1000404;-32;WO073100;DU Wheel SOK4 W8x16-180,0;KENDA Schweiz AG
25-07-2025;SI013637;590219;157492;5670.08;1000404;-94;WO073277;WB 13.00x17 H2 6/161/205 Ø21.5 16.0 ET66;KENDA Schweiz AG
25-07-2025;SI013637;606538;157488;1116.00;1000404;-100;WO073057;DU Ringnut SOK;KENDA Schweiz AG
25-07-2025;SI013637;617619;157499;161.60;1000404;-2;WO073425;DU Wheel SOK2 4.25x12-150,0;KENDA Schweiz AG
25-07-2025;SI013637;688145;157495;671.52;1000404;-12;WO073529;WB W13x18 H2 6/161/205 Ø21.5 R16 ET40;KENDA Schweiz AG
25-07-2025;SI013637;706542;157496;573.60;1000404;-2;WO073787;DU Wheel MD/HD W8x44/34K-300,0   170VSM;KENDA Schweiz AG
25-07-2025;SI013638;159942;157510;63.00;1000404;-7;;Euro Pallets 80x120cm;KENDA Schweiz AG
25-07-2025;SI013638;159959;157511;15.24;1000404;-1;;Palette Frame L=1,20 B=0,80 (for Euro-Palett);KENDA Schweiz AG
25-07-2025;SI013638;631592;157509;4760.00;1000404;-500;;DU Capnut Kit MD+;KENDA Schweiz AG
24-07-2025;SI013631;139708;157128;268.05;1007234;-5;WO072370;WB 11LBx16 H2 6/161/205 Ø21.5 R16 ET0;BOHNENKAMP A/S
24-07-2025;SI013631;139708;157133;53.61;1007234;-1;WO072992;WB 11LBx16 H2 6/161/205 Ø21.5 R16 ET0;BOHNENKAMP A/S
24-07-2025;SI013631;139968;157135;1800.00;1007234;-300;WO073307;WB 2.50Ax8 H2 4/60/100 Ø14.5 C60 ET0;BOHNENKAMP A/S
24-07-2025;SI013631;159942;157142;333.00;1007234;-37;;Euro Pallets 80x120cm;BOHNENKAMP A/S
24-07-2025;SI013631;159959;157143;121.92;1007234;-8;;Palette Frame L=1,20 B=0,80 (for Euro-Palett);BOHNENKAMP A/S
24-07-2025;SI013631;260761;157144;96.00;1007234;-8;;WOOD PALLET 1,20 X 1,26M HEAT TREATED;BOHNENKAMP A/S
24-07-2025;SI013631;260808;157145;58.32;1007234;-8;;WOOD TOP COVER 1,20X1,26 M HEAT TREATED;BOHNENKAMP A/S
24-07-2025;SI013631;262291;157146;134.40;1007234;-35;;WOOD TOP COVER 1,2 0X 0,8M HEAT TREATED;BOHNENKAMP A/S
24-07-2025;SI013631;408019;157130;46.98;1007234;-6;;DU Handle bar  HD   536mm;BOHNENKAMP A/S
24-07-2025;SI013631;422398;157124;753.30;1007234;-60;;DU Headspindle  HD/AW 565mm;BOHNENKAMP A/S
24-07-2025;SI013631;470504;157129;429.30;1007234;-30;;DU Headspindle  HD/AW 950mm;BOHNENKAMP A/S
24-07-2025;SI013631;144276;157121;11684.40;1007234;-182;WO070958;WB 10.50Ix12 H2 4/60/100 Ø15 C60 ET-20 RFH;BOHNENKAMP A/S
24-07-2025;SI013631;144276;157136;18168.60;1007234;-283;WO073330;WB 10.50Ix12 H2 4/60/100 Ø15 C60 ET-20 RFH;BOHNENKAMP A/S
24-07-2025;SI013631;162461;157140;1174.50;1007234;-2;WO074089;DU Wheel MD/HD DWW16Lx46/42K-340,0  DTS   300VSM;BOHNENKAMP A/S
24-07-2025;SI013631;162461;157141;1174.50;1007234;-2;WO074090;DU Wheel MD/HD DWW16Lx46/42K-340,0  DTS   300VSM;BOHNENKAMP A/S
24-07-2025;SI013631;274430;157134;2495.00;1007234;-50;WO073306;WB 10.50Ix12 H2 5/94/140 Ø18.5 R14 ET-26;BOHNENKAMP A/S
24-07-2025;SI013631;275109;157137;1656.46;1007234;-299;WO073331;WI GR 2.10Ax4 20x75/69;BOHNENKAMP A/S
24-07-2025;SI013631;275178;157132;307.00;1007234;-50;WO072775;WI GG 2.50Ax8 25x120/112;BOHNENKAMP A/S
24-07-2025;SI013631;491233;157131;299.88;1007234;-9;WO072644;WB 10.00Ix12 H2 4/56/110 Ø12.5 C60 ET21;BOHNENKAMP A/S
24-07-2025;SI013631;495569;157125;2242.08;1007234;-8;;DU Fixation Set MD+4 M16x1.5x95;BOHNENKAMP A/S
24-07-2025;SI013631;495958;157123;849.78;1007234;-2;;DU Fixation Set HD+4 M18x1.5x95;BOHNENKAMP A/S
24-07-2025;SI013631;495958;157126;849.78;1007234;-2;;DU Fixation Set HD+4 M18x1.5x95;BOHNENKAMP A/S
24-07-2025;SI013631;498843;157120;2799.36;1007234;-162;WO070722;WI GK 2.10-4 13x95/90 RFD;BOHNENKAMP A/S
24-07-2025;SI013631;703145;157127;645.48;1007234;-1;;DU Fixation Set HD+6 M18x1.5x95;BOHNENKAMP A/S
24-07-2025;SI013631;704159;157139;1146.60;1007234;-4;WO074032;DU Wheel MD/HD DWW15Lx34/30-300,0   246VSM;BOHNENKAMP A/S
24-07-2025;SI013631;712963;157138;396.00;1007234;-2;WO073621;DU Wheel MD/HD W10x24-250,0;BOHNENKAMP A/S
24-07-2025;SI013631;737027;157122;2644.00;1007234;-200;WO071844;WI EK 2.10Ax4 20/25x67/75;BOHNENKAMP A/S
24-07-2025;SI013632;159942;157269;36.00;1007180;-4;;Euro Pallets 80x120cm;BOHNENKAMP SE
24-07-2025;SI013632;260761;157270;168.00;1007180;-14;;WOOD PALLET 1,20 X 1,26M HEAT TREATED;BOHNENKAMP SE
24-07-2025;SI013632;260808;157271;102.06;1007180;-14;;WOOD TOP COVER 1,20X1,26 M HEAT TREATED;BOHNENKAMP SE
24-07-2025;SI013632;262291;157272;15.36;1007180;-4;;WOOD TOP COVER 1,2 0X 0,8M HEAT TREATED;BOHNENKAMP SE
24-07-2025;SI013632;274539;157255;8750.00;1007180;-1000;WO072534;WB 3.50Bx10 H2 4/60/100 Ø14.5 C60 ET0;BOHNENKAMP SE
24-07-2025;SI013632;274539;157256;5022.50;1007180;-574;WO072535;WB 3.50Bx10 H2 4/60/100 Ø14.5 C60 ET0;BOHNENKAMP SE
24-07-2025;SI013632;422398;157263;376.65;1007180;-30;;DU Headspindle  HD/AW 565mm;BOHNENKAMP SE
24-07-2025;SI013632;481920;157261;459.00;1007180;-20;WO072994;DU Clamp HD;BOHNENKAMP SE
24-07-2025;SI013632;581798;157254;3697.20;1007180;-390;WO072531;WI EK 5.50Ax8 H2 25x89/100 TL Silver RAL9006 6205;BOHNENKAMP SE
24-07-2025;SI013632;631448;157262;117.00;1007180;-20;;DU Footbase HD      Standard;BOHNENKAMP SE
24-07-2025;SI013632;631677;157264;4608.00;1007180;-400;;DU Capnut Kit HD+;BOHNENKAMP SE
24-07-2025;SI013632;157436;157252;2746.50;1007180;-50;WO072527;WB 6Jx16 H2 6/161/205 Ø21.5 R16 ET-5;BOHNENKAMP SE
24-07-2025;SI013632;274522;157253;334.50;1007180;-50;WO072530;WB 2.50Ax8 H2 4/85/115 Ø12.5 C90 ET0;BOHNENKAMP SE
24-07-2025;SI013632;388526;157257;1226.80;1007180;-40;WO072537;WB 7.00Ix12 H2 5/67/112 Ø16 R12 ET-4;BOHNENKAMP SE
24-07-2025;SI013632;447827;157265;166.50;1007180;-100;;DU Equalizing Disc  Angled 10°;BOHNENKAMP SE
24-07-2025;SI013632;447834;157268;124.20;1007180;-60;;DU Equalizing Disc  Angled 15°;BOHNENKAMP SE
24-07-2025;SI013632;447841;157266;468.00;1007180;-200;;DU Equalizing Disc  Angled 20°;BOHNENKAMP SE
24-07-2025;SI013632;447858;157267;1242.00;1007180;-400;;DU Equalizing Disc  Angled 30°;BOHNENKAMP SE
24-07-2025;SI013632;473994;157250;598.29;1007180;-111;WO069475;WB 2.50Ax8 H2 4/63/100 Ø14.5 C60 ET0;BOHNENKAMP SE
24-07-2025;SI013632;473994;157251;172.48;1007180;-32;WO070152;WB 2.50Ax8 H2 4/63/100 Ø14.5 C60 ET0;BOHNENKAMP SE
24-07-2025;SI013632;473994;157258;21.56;1007180;-4;WO072538;WB 2.50Ax8 H2 4/63/100 Ø14.5 C60 ET0;BOHNENKAMP SE
24-07-2025;SI013632;631653;157260;257.04;1007180;-24;WO063883;DU Capnut Kit MD+;BOHNENKAMP SE
23-07-2025;SI013630;112091;157028;4794.00;1000106;-204;WO072944;WB 7.00Ix12 H2 5/93/140 Ø15 ET-10 Silver RAL9006;KENDA Deutschland GmbH
23-07-2025;SI013630;143729;157029;2031.00;1000106;-30;WO072949;WB 13.00x17 H2 10/93/140 Ø15 ET-39 Silver RAL9006;KENDA Deutschland GmbH
23-07-2025;SI013630;143729;157030;8124.00;1000106;-120;WO073184;WB 13.00x17 H2 10/93/140 Ø15 ET-39 Silver RAL9006;KENDA Deutschland GmbH
23-07-2025;SI013630;143873;157027;11410.30;1000106;-230;WO072934;WB 13LBx15 H2 6/161/205 Ø21.5 R16 ET0 VG2 Silver;KENDA Deutschland GmbH
23-07-2025;SI013630;143873;157031;2083.62;1000106;-42;WO073189;WB 13LBx15 H2 6/161/205 Ø21.5 R16 ET0 VG2 Silver;KENDA Deutschland GmbH
23-07-2025;SI013630;143941;157024;952.43;1000106;-23;WO072756;WB 10.50Ix12 H2 5/79.5/114.3 Ø12 C75 ET-25 Orange;KENDA Deutschland GmbH
23-07-2025;SI013630;159942;157035;36.00;1000106;-4;;Euro Pallets 80x120cm;KENDA Deutschland GmbH
23-07-2025;SI013630;260761;157036;528.00;1000106;-44;;WOOD PALLET 1,20 X 1,26M HEAT TREATED;KENDA Deutschland GmbH
23-07-2025;SI013630;260808;157037;320.76;1000106;-44;;WOOD TOP COVER 1,20X1,26 M HEAT TREATED;KENDA Deutschland GmbH
23-07-2025;SI013630;262291;157038;15.36;1000106;-4;;WOOD TOP COVER 1,2 0X 0,8M HEAT TREATED;KENDA Deutschland GmbH
23-07-2025;SI013630;276328;157026;1389.84;1000106;-24;WO072876;WB 13LBx15 H2 6/161/205 Ø21.5 R16 ET-100;KENDA Deutschland GmbH
23-07-2025;SI013630;276328;157032;1158.20;1000106;-20;WO073199;WB 13LBx15 H2 6/161/205 Ø21.5 R16 ET-100;KENDA Deutschland GmbH
23-07-2025;SI013630;276328;157034;4169.52;1000106;-72;WO073733;WB 13LBx15 H2 6/161/205 Ø21.5 R16 ET-100;KENDA Deutschland GmbH
23-07-2025;SI013630;509556;157023;1111.50;1000106;-75;WO072743;WI EK 7.00Ax8 H2 30x92/102;KENDA Deutschland GmbH
23-07-2025;SI013630;743547;157025;10579.80;1000106;-110;WO072858;WB W13x20 H2 8/221/275 Ø21.5 R16 ET60;KENDA Deutschland GmbH
23-07-2025;SI013630;699578;157033;3312.72;1000106;-72;WO073409;WB 11Jx16 H2 6/161/205 Ø21.5 R16 ET0;KENDA Deutschland GmbH
22-07-2025;SI013626;260761;156772;120.00;1002666;-10;;WOOD PALLET 1,20 X 1,26M HEAT TREATED;ROSENBAUER INTERNATIONAL AG
22-07-2025;SI013626;260808;156773;145.80;1002666;-20;;WOOD TOP COVER 1,20X1,26 M HEAT TREATED;ROSENBAUER INTERNATIONAL AG
22-07-2025;SI013626;722023;156771;32931.20;1002666;-40;WO073221;WB 18.00/1.5-21 10/281/335 Ø26 ET80;ROSENBAUER INTERNATIONAL AG
21-07-2025;SI013623;112084;156538;55.56;1000106;-2;WO072093;WB 10.50Ix12 H2 10/93/140 Ø15 - ET-50 Silver;KENDA Deutschland GmbH
21-07-2025;SI013623;112084;156544;2583.54;1000106;-93;WO072941;WB 10.50Ix12 H2 10/93/140 Ø15 - ET-50 Silver;KENDA Deutschland GmbH
21-07-2025;SI013623;112091;156539;1222.00;1000106;-52;WO072442;WB 7.00Ix12 H2 5/93/140 Ø15 ET-10 Silver RAL9006;KENDA Deutschland GmbH
21-07-2025;SI013623;117676;156550;1132.08;1000106;-8;WO073727;WB 14x18 H2 10/175.8/225 Ø24 ET156;KENDA Deutschland GmbH
21-07-2025;SI013623;143729;156545;13201.50;1000106;-195;WO072949;WB 13.00x17 H2 10/93/140 Ø15 ET-39 Silver RAL9006;KENDA Deutschland GmbH
21-07-2025;SI013623;143729;156548;6093.00;1000106;-90;WO073184;WB 13.00x17 H2 10/93/140 Ø15 ET-39 Silver RAL9006;KENDA Deutschland GmbH
21-07-2025;SI013623;143873;156549;11311.08;1000106;-228;WO073189;WB 13LBx15 H2 6/161/205 Ø21.5 R16 ET0 VG2 Silver;KENDA Deutschland GmbH
21-07-2025;SI013623;143897;156543;300.25;1000106;-5;WO072937;WB 13.00x17 H2 6/161/205 Ø21.5 R16.0 ET0 VG;KENDA Deutschland GmbH
21-07-2025;SI013623;159942;156551;27.00;1000106;-3;;Euro Pallets 80x120cm;KENDA Deutschland GmbH
21-07-2025;SI013623;162065;156542;2555.48;1000106;-29;WO072925;WB 16.00x17 H2 6/161/205 Ø21.5 R16 ET0 VG3 Yellow;KENDA Deutschland GmbH
21-07-2025;SI013623;260761;156552;468.00;1000106;-39;;WOOD PALLET 1,20 X 1,26M HEAT TREATED;KENDA Deutschland GmbH
21-07-2025;SI013623;260808;156553;284.31;1000106;-39;;WOOD TOP COVER 1,20X1,26 M HEAT TREATED;KENDA Deutschland GmbH
21-07-2025;SI013623;262291;156554;11.52;1000106;-3;;WOOD TOP COVER 1,2 0X 0,8M HEAT TREATED;KENDA Deutschland GmbH
21-07-2025;SI013623;511313;156540;76.51;1000106;-1;WO072758;WB W9x20 H2 6/114.5/152 Ø16 ET-45;KENDA Deutschland GmbH
21-07-2025;SI013623;633022;156546;53.19;1000106;-1;WO073025;WB 6Jx16 H2 5/97/140 Ø18.5 R14 ET60;KENDA Deutschland GmbH
21-07-2025;SI013623;685601;156541;841.60;1000106;-10;WO072759;WB W9x20 H2 6/110/150 Ø18.5 ET19;KENDA Deutschland GmbH
21-07-2025;SI013623;686899;156547;1736.64;1000106;-24;WO073080;WB 9.75x16.5 H2 10/95/140 Ø16.5 ET-1;KENDA Deutschland GmbH
21-07-2025;SI013624;119311;156528;220.56;1000108;-24;WO074069;WI GK 5.50Ax8 H2 20x89,5;KENDA Polska Sp. z.o.o.
21-07-2025;SI013624;142685;156511;1250.00;1000108;-500;WO072473;WI GR 2.10x4 20x75/69;KENDA Polska Sp. z.o.o.
21-07-2025;SI013624;144566;156509;2192.68;1000108;-191;WO070506;WI EK 5.50Ax8 H2 25x87/101 TL Grey RAL7035 6205;KENDA Polska Sp. z.o.o.
21-07-2025;SI013624;159942;156529;540.00;1000108;-60;;Euro Pallets 80x120cm;KENDA Polska Sp. z.o.o.
21-07-2025;SI013624;159959;156530;60.96;1000108;-4;;Palette Frame L=1,20 B=0,80 (for Euro-Palett);KENDA Polska Sp. z.o.o.
21-07-2025;SI013624;262291;156531;230.40;1000108;-60;;WOOD TOP COVER 1,2 0X 0,8M HEAT TREATED;KENDA Polska Sp. z.o.o.
21-07-2025;SI013624;471174;156514;2581.20;1000108;-360;WO073624;WI GPL 4.375Ax8 H2 19,1x89,5 TL Silver RAL9006;KENDA Polska Sp. z.o.o.
21-07-2025;SI013624;471198;156516;3456.00;1000108;-480;WO073705;WI GG 4.375Ax8 H2 20,1x89,5/81,5 TL Silver;KENDA Polska Sp. z.o.o.
21-07-2025;SI013624;471211;156517;480.35;1000108;-65;WO073706;WI GPL 5.50Ax8 H2 19,1x89,5 TL Silver RAL9006;KENDA Polska Sp. z.o.o.
21-07-2025;SI013624;471211;156518;775.95;1000108;-105;WO073712;WI GPL 5.50Ax8 H2 19,1x89,5 TL Silver RAL9006;KENDA Polska Sp. z.o.o.
21-07-2025;SI013624;471211;156520;775.95;1000108;-105;WO073714;WI GPL 5.50Ax8 H2 19,1x89,5 TL Silver RAL9006;KENDA Polska Sp. z.o.o.
21-07-2025;SI013624;471211;156523;2327.85;1000108;-315;WO073719;WI GPL 5.50Ax8 H2 19,1x89,5 TL Silver RAL9006;KENDA Polska Sp. z.o.o.
21-07-2025;SI013624;471211;156527;3103.80;1000108;-420;WO073723;WI GPL 5.50Ax8 H2 19,1x89,5 TL Silver RAL9006;KENDA Polska Sp. z.o.o.
21-07-2025;SI013624;471242;156519;4824.75;1000108;-525;WO073713;WI GK 5.50Ax8 H2 20x89,5 TL Silver RAL9006 NORMAL;KENDA Polska Sp. z.o.o.
21-07-2025;SI013624;471242;156521;4824.75;1000108;-525;WO073715;WI GK 5.50Ax8 H2 20x89,5 TL Silver RAL9006 NORMAL;KENDA Polska Sp. z.o.o.
21-07-2025;SI013624;471242;156522;4824.75;1000108;-525;WO073717;WI GK 5.50Ax8 H2 20x89,5 TL Silver RAL9006 NORMAL;KENDA Polska Sp. z.o.o.
21-07-2025;SI013624;471242;156524;2894.85;1000108;-315;WO073720;WI GK 5.50Ax8 H2 20x89,5 TL Silver RAL9006 NORMAL;KENDA Polska Sp. z.o.o.
21-07-2025;SI013624;471242;156526;964.95;1000108;-105;WO073720;WI GK 5.50Ax8 H2 20x89,5 TL Silver RAL9006 NORMAL;KENDA Polska Sp. z.o.o.
21-07-2025;SI013624;681375;156512;663.39;1000108;-39;WO072500;WI GK 7.00Ix8 H2 30x105;KENDA Polska Sp. z.o.o.
21-07-2025;SI013624;723310;156510;2795.52;1000108;-42;WO071687;WB 16.00x17 H2 8/221/275 Ø27 R18 ET0;KENDA Polska Sp. z.o.o.
21-07-2025;SI013624;737980;156513;2802.00;1000108;-150;WO072502;WB 6.00Ix10 H2 5/94/140 Ø18.5 R14 ET-4;KENDA Polska Sp. z.o.o.
21-07-2025;SI013624;739335;156515;3103.80;1000108;-420;WO073634;WI GPL 5.50Ax8 H2 19,1x89,5 TL Black CP2004;KENDA Polska Sp. z.o.o.
21-07-2025;SI013624;739335;156525;3879.75;1000108;-525;WO073722;WI GPL 5.50Ax8 H2 19,1x89,5 TL Black CP2004;KENDA Polska Sp. z.o.o.
18-07-2025;SI013622;117348;156444;750.64;1000103;-8;WO073639;WB W13x20 H2 8/221/275 Ø21.5 R16 ET-15;KENDA GB Rugeley Ltd
18-07-2025;SI013622;139968;156427;572.13;1000103;-117;WO070441;WB 2.50Ax8 H2 4/60/100 Ø14.5 C60 ET0;KENDA GB Rugeley Ltd
18-07-2025;SI013622;159942;156445;54.00;1000103;-6;;Euro Pallets 80x120cm;KENDA GB Rugeley Ltd
18-07-2025;SI013622;260761;156446;372.00;1000103;-31;;WOOD PALLET 1,20 X 1,26M HEAT TREATED;KENDA GB Rugeley Ltd
18-07-2025;SI013622;260808;156447;225.99;1000103;-31;;WOOD TOP COVER 1,20X1,26 M HEAT TREATED;KENDA GB Rugeley Ltd
18-07-2025;SI013622;262291;156448;23.04;1000103;-6;;WOOD TOP COVER 1,2 0X 0,8M HEAT TREATED;KENDA GB Rugeley Ltd
18-07-2025;SI013622;275475;156436;1679.04;1000103;-96;WO072788;WB 6.00Ix10 H2 5/65.5/112 Ø14 C60 ET0;KENDA GB Rugeley Ltd
18-07-2025;SI013622;275963;156442;1386.50;1000103;-10;WO072813;WB AG16.00x22.5 H2 8/221/275 Ø21.5 R16 ET-12;KENDA GB Rugeley Ltd
18-07-2025;SI013622;363523;156431;77.40;1000103;-12;WO071576;WI GO 4.50Ax6 H2 35,3x62;KENDA GB Rugeley Ltd
18-07-2025;SI013622;363523;156437;903.00;1000103;-140;WO072791;WI GO 4.50Ax6 H2 35,3x62;KENDA GB Rugeley Ltd
18-07-2025;SI013622;613987;156432;5631.99;1000103;-39;WO072132;WB AG16.00x22.5 H2 5/290/335 Ø21.5 R22.4 ET-20;KENDA GB Rugeley Ltd
18-07-2025;SI013622;613987;156433;6209.63;1000103;-43;WO071579;WB AG16.00x22.5 H2 5/290/335 Ø21.5 R22.4 ET-20;KENDA GB Rugeley Ltd
18-07-2025;SI013622;613987;156438;5776.40;1000103;-40;WO072797;WB AG16.00x22.5 H2 5/290/335 Ø21.5 R22.4 ET-20;KENDA GB Rugeley Ltd
18-07-2025;SI013622;614014;156426;87.36;1000103;-1;WO068600;WB W13x20 H2 5/290/335 Ø21.5 R22.4 ET10;KENDA GB Rugeley Ltd
18-07-2025;SI013622;614014;156434;4630.08;1000103;-53;WO072133;WB W13x20 H2 5/290/335 Ø21.5 R22.4 ET10;KENDA GB Rugeley Ltd
18-07-2025;SI013622;614052;156439;4802.40;1000103;-115;WO072799;WB 9.00x15.3 H2 6/161/205 Ø20 R16 ET-45;KENDA GB Rugeley Ltd
18-07-2025;SI013622;676517;156440;2302.16;1000103;-56;WO072801;WB 9.00x15.3 H2 6/161/205 Ø21.5 R16 ET23;KENDA GB Rugeley Ltd
18-07-2025;SI013622;726298;156441;1831.25;1000103;-125;WO072807;WB 7.0ATx8 H2 4/67/101.6 Ø12.5 C60 ET0;KENDA GB Rugeley Ltd
18-07-2025;SI013622;744742;156443;3598.00;1000103;-100;WO073223;WB 8.00Ix12 H2 4/212/228 ET46;KENDA GB Rugeley Ltd
17-07-2025;SI013619;159942;156205;18.00;1007189;-2;;Euro Pallets 80x120cm;GRASDORF GmbH
17-07-2025;SI013619;159942;156208;9.00;1007189;-1;;Euro Pallets 80x120cm;GRASDORF GmbH
17-07-2025;SI013619;159959;156206;15.24;1007189;-1;;Palette Frame L=1,20 B=0,80 (for Euro-Palett);GRASDORF GmbH
17-07-2025;SI013619;159959;156209;30.48;1007189;-2;;Palette Frame L=1,20 B=0,80 (for Euro-Palett);GRASDORF GmbH
17-07-2025;SI013619;262291;156207;7.68;1007189;-2;;WOOD TOP COVER 1,2 0X 0,8M HEAT TREATED;GRASDORF GmbH
17-07-2025;SI013619;262291;156210;3.84;1007189;-1;;WOOD TOP COVER 1,2 0X 0,8M HEAT TREATED;GRASDORF GmbH
17-07-2025;SI013619;408019;156199;43.50;1007189;-5;;DU Handle bar  HD   536mm;GRASDORF GmbH
17-07-2025;SI013619;408019;156202;174.00;1007189;-20;;DU Handle bar  HD   536mm;GRASDORF GmbH
17-07-2025;SI013619;408026;156200;24.40;1007189;-4;WO072587;DU Handle bar MD    540mm;GRASDORF GmbH
17-07-2025;SI013619;470504;156197;1590.00;1007189;-100;;DU Headspindle  HD/AW 950mm;GRASDORF GmbH
17-07-2025;SI013619;481920;156201;4309.50;1007189;-169;WO073158;DU Clamp HD;GRASDORF GmbH
17-07-2025;SI013619;596099;156204;95.40;1007189;-6;;DU Headspindle  HD/AW 950mm;GRASDORF GmbH
17-07-2025;SI013619;631622;156198;952.00;1007189;-80;;DU Capnut Kit MD+;GRASDORF GmbH
17-07-2025;SI013619;631677;156203;1280.00;1007189;-100;;DU Capnut Kit HD+;GRASDORF GmbH
17-07-2025;SI013620;112091;156248;4230.00;1000106;-180;WO072944;WB 7.00Ix12 H2 5/93/140 Ø15 ET-10 Silver RAL9006;KENDA Deutschland GmbH
17-07-2025;SI013620;143774;156243;903.00;1000106;-14;WO072439;WB 8.50Ix12 H2 6/90/120 Ø14 ET-18 Orange (CP 1031);KENDA Deutschland GmbH
17-07-2025;SI013620;143804;156252;2819.50;1000106;-50;WO073389;WB W9x18 H2 6/114.5/152 Ø15 - ET-19 VG3 Orange;KENDA Deutschland GmbH
17-07-2025;SI013620;143866;156247;9890.60;1000106;-170;WO072932;WB 13LBx15 H2 5/67/112 Ø18.5 R14 ET-50 Silver;KENDA Deutschland GmbH
17-07-2025;SI013620;143866;156249;7156.14;1000106;-123;WO073188;WB 13LBx15 H2 5/67/112 Ø18.5 R14 ET-50 Silver;KENDA Deutschland GmbH
17-07-2025;SI013620;143880;156250;3943.20;1000106;-120;WO073190;WB 7.00Ix12 H2 10/93/140 Ø16.5 ET20 Silver;KENDA Deutschland GmbH
17-07-2025;SI013620;158129;156251;6325.20;1000106;-70;WO073195;WB W9x18 H2 6/161/205 Ø21.5 R16 ET-12;KENDA Deutschland GmbH
17-07-2025;SI013620;159942;156255;81.00;1000106;-9;;Euro Pallets 80x120cm;KENDA Deutschland GmbH
17-07-2025;SI013620;260761;156256;432.00;1000106;-36;;WOOD PALLET 1,20 X 1,26M HEAT TREATED;KENDA Deutschland GmbH
17-07-2025;SI013620;260808;156257;262.44;1000106;-36;;WOOD TOP COVER 1,20X1,26 M HEAT TREATED;KENDA Deutschland GmbH
17-07-2025;SI013620;262291;156258;34.56;1000106;-9;;WOOD TOP COVER 1,2 0X 0,8M HEAT TREATED;KENDA Deutschland GmbH
17-07-2025;SI013620;375106;156244;3506.80;1000106;-220;WO072742;WB 7.00Ax8 H2 4/60/100 Ø14.5 C60 ET0;KENDA Deutschland GmbH
17-07-2025;SI013620;456751;156246;7153.26;1000106;-102;WO072893;WB W14Lx18 H2 8/221/275 Ø27 R18 ET36;KENDA Deutschland GmbH
17-07-2025;SI013620;509556;156245;3705.00;1000106;-250;WO072743;WI EK 7.00Ax8 H2 30x92/102;KENDA Deutschland GmbH
17-07-2025;SI013620;556697;156253;196.70;1000106;-2;WO073414;WB W8x16 H2 6/110/150 Ø14 ET-9;KENDA Deutschland GmbH
17-07-2025;SI013620;683027;156260;117.24;1000106;-2;WO071881;WB 11LBx16 H2 6/110/150 Ø17 ET-15;KENDA Deutschland GmbH
17-07-2025;SI013620;709239;156254;214.24;1000106;-4;WO073454;WB W8x16 6/117.7/152.4 Ø17.5 ET-16;KENDA Deutschland GmbH
16-07-2025;SI013615;159942;155727;594.00;1000108;-66;;Euro Pallets 80x120cm;KENDA Polska Sp. z.o.o.
16-07-2025;SI013615;262291;155728;253.44;1000108;-66;;WOOD TOP COVER 1,2 0X 0,8M HEAT TREATED;KENDA Polska Sp. z.o.o.
16-07-2025;SI013615;294414;155717;2320.50;1000108;-210;WO073622;WB 7.00Ax8 H2 4/60/100 Ø14.5 C60 ET0;KENDA Polska Sp. z.o.o.
16-07-2025;SI013615;294414;155719;2320.50;1000108;-210;WO073704;WB 7.00Ax8 H2 4/60/100 Ø14.5 C60 ET0;KENDA Polska Sp. z.o.o.
16-07-2025;SI013615;316215;155707;2044.86;1000108;-197;WO072478;WI GK 4.50Ax6 H2 25x90;KENDA Polska Sp. z.o.o.
16-07-2025;SI013615;441016;155708;4500.00;1000108;-400;WO072484;WI EK 5.50Ax8 H2 25x85/95;KENDA Polska Sp. z.o.o.
16-07-2025;SI013615;441016;155709;4500.00;1000108;-400;WO072485;WI EK 5.50Ax8 H2 25x85/95;KENDA Polska Sp. z.o.o.
16-07-2025;SI013615;471211;155720;3103.80;1000108;-420;WO073706;WI GPL 5.50Ax8 H2 19,1x89,5 TL Silver RAL9006;KENDA Polska Sp. z.o.o.
16-07-2025;SI013615;471211;155722;3103.80;1000108;-420;WO073712;WI GPL 5.50Ax8 H2 19,1x89,5 TL Silver RAL9006;KENDA Polska Sp. z.o.o.
16-07-2025;SI013615;471211;155723;3103.80;1000108;-420;WO073714;WI GPL 5.50Ax8 H2 19,1x89,5 TL Silver RAL9006;KENDA Polska Sp. z.o.o.
16-07-2025;SI013615;471211;155724;3879.75;1000108;-525;WO073716;WI GPL 5.50Ax8 H2 19,1x89,5 TL Silver RAL9006;KENDA Polska Sp. z.o.o.
16-07-2025;SI013615;471211;155725;3879.75;1000108;-525;WO073718;WI GPL 5.50Ax8 H2 19,1x89,5 TL Silver RAL9006;KENDA Polska Sp. z.o.o.
16-07-2025;SI013615;471211;155726;1551.90;1000108;-210;WO073719;WI GPL 5.50Ax8 H2 19,1x89,5 TL Silver RAL9006;KENDA Polska Sp. z.o.o.
16-07-2025;SI013615;540221;155715;8392.00;1000108;-400;WO073126;WI EK 4.50Ix9 H2 35x66/78;KENDA Polska Sp. z.o.o.
16-07-2025;SI013615;540221;155716;8140.24;1000108;-388;WO073127;WI EK 4.50Ix9 H2 35x66/78;KENDA Polska Sp. z.o.o.
16-07-2025;SI013615;541747;155710;3087.00;1000108;-300;WO072491;WI EK 4.50Ax6 H 25x90/98;KENDA Polska Sp. z.o.o.
16-07-2025;SI013615;640143;155711;1180.96;1000108;-61;WO072493;WB 6.00Ix10 H2 4/56.5/100 Ø13 C60 ET0;KENDA Polska Sp. z.o.o.
16-07-2025;SI013615;662732;155712;1172.00;1000108;-100;WO072495;WI EK 5.50Ax8 H2 25x85/95;KENDA Polska Sp. z.o.o.
16-07-2025;SI013615;662732;155714;1172.00;1000108;-100;WO072506;WI EK 5.50Ax8 H2 25x85/95;KENDA Polska Sp. z.o.o.
16-07-2025;SI013615;681375;155713;2551.50;1000108;-150;WO072500;WI GK 7.00Ix8 H2 30x105;KENDA Polska Sp. z.o.o.
16-07-2025;SI013615;739335;155718;3879.75;1000108;-525;WO073635;WI GPL 5.50Ax8 H2 19,1x89,5 TL Black CP2004;KENDA Polska Sp. z.o.o.
16-07-2025;SI013615;739335;155721;3879.75;1000108;-525;WO073711;WI GPL 5.50Ax8 H2 19,1x89,5 TL Black CP2004;KENDA Polska Sp. z.o.o.
16-07-2025;SI013616;112084;155730;444.48;1000106;-16;WO072441;WB 10.50Ix12 H2 10/93/140 Ø15 - ET-50 Silver;KENDA Deutschland GmbH
16-07-2025;SI013616;112084;155744;3416.94;1000106;-123;WO072941;WB 10.50Ix12 H2 10/93/140 Ø15 - ET-50 Silver;KENDA Deutschland GmbH
16-07-2025;SI013616;112091;155731;2820.00;1000106;-120;WO072442;WB 7.00Ix12 H2 5/93/140 Ø15 ET-10 Silver RAL9006;KENDA Deutschland GmbH
16-07-2025;SI013616;143897;155743;6305.25;1000106;-105;WO072937;WB 13.00x17 H2 6/161/205 Ø21.5 R16.0 ET0 VG;KENDA Deutschland GmbH
16-07-2025;SI013616;159942;155746;45.00;1000106;-5;;Euro Pallets 80x120cm;KENDA Deutschland GmbH
16-07-2025;SI013616;162058;155741;87.86;1000106;-1;WO073272;WB 16.00x17 H2 6/161/205 Ø21.5 R16 ET0;KENDA Deutschland GmbH
16-07-2025;SI013616;162065;155742;4406.00;1000106;-50;WO072925;WB 16.00x17 H2 6/161/205 Ø21.5 R16 ET0 VG3 Yellow;KENDA Deutschland GmbH
16-07-2025;SI013616;260761;155747;480.00;1000106;-40;;WOOD PALLET 1,20 X 1,26M HEAT TREATED;KENDA Deutschland GmbH
16-07-2025;SI013616;260808;155748;291.60;1000106;-40;;WOOD TOP COVER 1,20X1,26 M HEAT TREATED;KENDA Deutschland GmbH
16-07-2025;SI013616;262291;155749;19.20;1000106;-5;;WOOD TOP COVER 1,2 0X 0,8M HEAT TREATED;KENDA Deutschland GmbH
16-07-2025;SI013616;387864;155740;1456.80;1000106;-30;WO072905;WB 13.00x15.5 H2 6/161/205 Ø21.5 R16 ET-15;KENDA Deutschland GmbH
16-07-2025;SI013616;451404;155737;4434.69;1000106;-83;WO072877;WB 11LBx16 H2 6/161/205 Ø21.5 R16 ET0;KENDA Deutschland GmbH
16-07-2025;SI013616;557885;155738;9328.89;1000106;-149;WO072880;WB 16.00x17 H2 8/221/275 Ø21.5 R16 ET0;KENDA Deutschland GmbH
16-07-2025;SI013616;588889;155739;2960.00;1000106;-50;WO072886;WB AG9.50x14.5 H2 6/161/205 Ø21.5 R16 ET0;KENDA Deutschland GmbH
16-07-2025;SI013616;690919;155732;1093.20;1000106;-20;WO072852;WB 8.25x16.5 H2 6/161/205 Ø21.5 R16 ET-40;KENDA Deutschland GmbH
16-07-2025;SI013616;706672;155745;945.96;1000106;-12;WO073035;WB 5.5Jx15 H2 5/93/140 Ø18.5 R14 ET72;KENDA Deutschland GmbH
16-07-2025;SI013616;713540;155729;2127.00;1000106;-100;WO072436;WB 7.00Bx8 H2 4/70/100 Ø13 ET-24;KENDA Deutschland GmbH
15-07-2025;SI013614;112848;155659;4741.76;1000104;-124;WO073836;WB 6Jx15 H2 6/100/139.7 Ø16 60 ET30;KENDA België NV
15-07-2025;SI013614;159942;155660;18.00;1000104;-2;;Euro Pallets 80x120cm;KENDA België NV
15-07-2025;SI013614;260761;155661;36.00;1000104;-3;;WOOD PALLET 1,20 X 1,26M HEAT TREATED;KENDA België NV
15-07-2025;SI013614;260808;155662;21.87;1000104;-3;;WOOD TOP COVER 1,20X1,26 M HEAT TREATED;KENDA België NV
15-07-2025;SI013614;262291;155663;7.68;1000104;-2;;WOOD TOP COVER 1,2 0X 0,8M HEAT TREATED;KENDA België NV
15-07-2025;SI013614;294384;155658;630.50;1000104;-50;WO072191;WB 5.50Ax8 H2 4/60/100 Ø14.5 C60 ET0;KENDA België NV
14-07-2025;SI013606;112084;155104;10667.52;1000106;-384;WO072941;WB 10.50Ix12 H2 10/93/140 Ø15 - ET-50 Silver;KENDA Deutschland GmbH
14-07-2025;SI013606;112923;155375;176.72;1000106;-1;WO073588;WB 13.00x17 H2 8/221/275 Ø21.5 ET-85;KENDA Deutschland GmbH
14-07-2025;SI013606;143750;155100;2286.45;1000106;-45;WO072929;WB 12LBx15 H2 10/93/140 Ø15 - ET-70 Silver;KENDA Deutschland GmbH
14-07-2025;SI013606;143828;155101;14193.04;1000106;-248;WO072930;WB 13.00x17 H2 6/161/205 Ø21.5 R16 ET-85 VG3;KENDA Deutschland GmbH
14-07-2025;SI013606;143873;155102;49.61;1000106;-1;WO072933;WB 13LBx15 H2 6/161/205 Ø21.5 R16 ET0 VG2 Silver;KENDA Deutschland GmbH
14-07-2025;SI013606;143880;155103;65.72;1000106;-2;WO072936;WB 7.00Ix12 H2 10/93/140 Ø16.5 ET20 Silver;KENDA Deutschland GmbH
14-07-2025;SI013606;159942;155376;72.00;1000106;-8;;Euro Pallets 80x120cm;KENDA Deutschland GmbH
14-07-2025;SI013606;163802;155373;368.16;1000106;-6;WO073573;WB 8Jx16 H2 6/161/205 Ø18.5 R14 ET-120;KENDA Deutschland GmbH
14-07-2025;SI013606;260761;155377;468.00;1000106;-39;;WOOD PALLET 1,20 X 1,26M HEAT TREATED;KENDA Deutschland GmbH
14-07-2025;SI013606;260808;155378;284.31;1000106;-39;;WOOD TOP COVER 1,20X1,26 M HEAT TREATED;KENDA Deutschland GmbH
14-07-2025;SI013606;262291;155379;30.72;1000106;-8;;WOOD TOP COVER 1,2 0X 0,8M HEAT TREATED;KENDA Deutschland GmbH
14-07-2025;SI013606;283104;155105;84.24;1000106;-3;WO072959;WB 8.50Ix12 H2 4/85/130 Ø14.5 ET-22;KENDA Deutschland GmbH
14-07-2025;SI013606;376721;155099;395.16;1000106;-6;WO072903;WB 16.00x17 H2 6/161/205 Ø21.5 R16 ET0;KENDA Deutschland GmbH
14-07-2025;SI013606;474120;155371;4066.40;1000106;-85;WO073076;WB 13LBx15 H2 5/192/225 Ø18.5 R14 ET83.5;KENDA Deutschland GmbH
14-07-2025;SI013606;511313;155097;688.59;1000106;-9;WO072758;WB W9x20 H2 6/114.5/152 Ø16 ET-45;KENDA Deutschland GmbH
14-07-2025;SI013606;581798;155096;1960.80;1000106;-190;WO070637;WI EK 5.50Ax8 H2 25x89/100 TL Silver RAL9006 6205;KENDA Deutschland GmbH
14-07-2025;SI013606;623436;155374;2781.60;1000106;-60;WO073583;WB 6Jx16 H2 6/161/205 Ø21.5 R16 ET62;KENDA Deutschland GmbH
14-07-2025;SI013606;633022;155106;3138.21;1000106;-59;WO073025;WB 6Jx16 H2 5/97/140 Ø18.5 R14 ET60;KENDA Deutschland GmbH
14-07-2025;SI013606;686899;155372;1736.64;1000106;-24;WO073080;WB 9.75x16.5 H2 10/95/140 Ø16.5 ET-1;KENDA Deutschland GmbH
14-07-2025;SI013606;712444;155107;1006.00;1000106;-10;WO073037;WB W13x20 H2 8/221/275 Ø21.5 R16 ET60;KENDA Deutschland GmbH
14-07-2025;SI013606;743547;155098;384.72;1000106;-4;WO072857;WB W13x20 H2 8/221/275 Ø21.5 R16 ET60;KENDA Deutschland GmbH
14-07-2025;SI013607;139968;155386;1256.00;1000104;-200;WO072194;WB 2.50Ax8 H2 4/60/100 Ø14.5 C60 ET0;KENDA België NV
14-07-2025;SI013607;159942;155393;90.00;1000104;-10;;Euro Pallets 80x120cm;KENDA België NV
14-07-2025;SI013607;260761;155394;72.00;1000104;-6;;WOOD PALLET 1,20 X 1,26M HEAT TREATED;KENDA België NV
14-07-2025;SI013607;260808;155395;43.74;1000104;-6;;WOOD TOP COVER 1,20X1,26 M HEAT TREATED;KENDA België NV
14-07-2025;SI013607;262291;155396;38.40;1000104;-10;;WOOD TOP COVER 1,2 0X 0,8M HEAT TREATED;KENDA België NV
14-07-2025;SI013607;274539;155384;2058.14;1000104;-241;WO069768;WB 3.50Bx10 H2 4/60/100 Ø14.5 C60 ET0;KENDA België NV
14-07-2025;SI013607;274539;155385;239.12;1000104;-28;WO070180;WB 3.50Bx10 H2 4/60/100 Ø14.5 C60 ET0;KENDA België NV
14-07-2025;SI013607;275321;155391;1860.00;1000104;-600;WO073132;WI GO 2.50Ax8 30,2x71;KENDA België NV
14-07-2025;SI013607;275321;155392;1906.50;1000104;-615;WO073133;WI GO 2.50Ax8 30,2x71;KENDA België NV
14-07-2025;SI013607;276427;155381;2374.40;1000104;-140;WO068833;WI GK 4.00Ex9 35x68;KENDA België NV
14-07-2025;SI013607;294230;155390;228.76;1000104;-4;WO072509;WB 6.75x17.5 H2 6/161/205 Ø21.5 R16 ET0;KENDA België NV
14-07-2025;SI013607;663845;155380;358.20;1000104;-20;WO067780;WI EK 4.50Ix9 H2 35x66/78 TL White (CP1004);KENDA België NV
14-07-2025;SI013607;663845;155382;3958.11;1000104;-221;WO068838;WI EK 4.50Ix9 H2 35x66/78 TL White (CP1004);KENDA België NV
14-07-2025;SI013607;663852;155383;4782.40;1000104;-280;WO069235;WI GK 4.50Ix9 H2 35x68 TL Silver RAL9006 6007 2RS;KENDA België NV
14-07-2025;SI013608;631622;155496;238.00;1007189;-20;;DU Capnut Kit MD+;GRASDORF GmbH
14-07-2025;SI013612;159942;155163;45.00;1007183;-5;;Euro Pallets 80x120cm;Forrim bv
14-07-2025;SI013612;159959;155164;106.68;1007183;-7;;Palette Frame L=1,20 B=0,80 (for Euro-Palett);Forrim bv
14-07-2025;SI013612;260761;155165;60.00;1007183;-5;;WOOD PALLET 1,20 X 1,26M HEAT TREATED;Forrim bv
14-07-2025;SI013612;260808;155166;36.45;1007183;-5;;WOOD TOP COVER 1,20X1,26 M HEAT TREATED;Forrim bv
14-07-2025;SI013612;262291;155167;19.20;1007183;-5;;WOOD TOP COVER 1,2 0X 0,8M HEAT TREATED;Forrim bv
14-07-2025;SI013612;422398;155150;2511.00;1007183;-150;;DU Headspindle  HD/AW 565mm;Forrim bv
14-07-2025;SI013612;422398;155159;1674.00;1007183;-100;;DU Headspindle  HD/AW 565mm;Forrim bv
14-07-2025;SI013612;470504;155149;572.40;1007183;-30;;DU Headspindle  HD/AW 950mm;Forrim bv
14-07-2025;SI013612;481920;155157;9180.00;1007183;-300;WO073937;DU Clamp HD;Forrim bv
14-07-2025;SI013612;494937;155161;1537.20;1007183;-6;WO073916;DU Spacer Emc2 42-335;Forrim bv
14-07-2025;SI013612;494968;155162;1760.40;1007183;-6;WO073917;DU Spacer Emc2 42K-385;Forrim bv
14-07-2025;SI013612;495477;155153;583.68;1007183;-4;WO072667;DU Spacer Standard 28-250,0;Forrim bv
14-07-2025;SI013612;502694;155156;192.96;1007183;-4;WO057329;DU Clamp AW 320 Silver;Forrim bv
14-07-2025;SI013612;600574;155154;922.37;1007183;-4;WO072668;DU Spacer Standard 38K-300;Forrim bv
14-07-2025;SI013612;611549;155152;121.44;1007183;-20;WO061247;DU Driving lug   AW  12X50X60;Forrim bv
14-07-2025;SI013612;631448;155158;2340.00;1007183;-300;;DU Footbase HD      Standard;Forrim bv
14-07-2025;SI013612;646756;155151;121.44;1007183;-20;WO074132;DU Driving lug   AW  60x12x87mm;Forrim bv
14-07-2025;SI013612;681221;155160;1230.00;1007183;-100;;DU Ringnut Kit HD;Forrim bv
11-07-2025;SI013604;159942;154990;0.00;1002435;-65;;Euro Pallets 80x120cm;STIGA S.p.A.
11-07-2025;SI013604;608877;154982;272.00;1002435;-17;WO071458;AB 16x6.00-8 42A4 STARCO Turf Grip TR412;STIGA S.p.A.
11-07-2025;SI013604;608877;154984;96.00;1002435;-6;WO063655;AB 16x6.00-8 42A4 STARCO Turf Grip TR412;STIGA S.p.A.
11-07-2025;SI013604;608877;154985;3104.00;1002435;-194;WO072640;AB 16x6.00-8 42A4 STARCO Turf Grip TR412;STIGA S.p.A.
11-07-2025;SI013604;608891;154983;4838.40;1002435;-288;WO073942;AB 16x7.50-8 70A3 STARCO Turf Grip TR412;STIGA S.p.A.
11-07-2025;SI013604;608914;154989;1036.20;1002435;-66;WO074088;AI 160/50-8 50A4 STARCO Turf Grip TR412;STIGA S.p.A.
11-07-2025;SI013604;625805;154987;5880.00;1002435;-400;WO074085;AI 15x6.00-6 46A4 STARCO Turf Grip TR412;STIGA S.p.A.
11-07-2025;SI013604;625812;154986;10176.00;1002435;-480;WO074084;AI 18x8.50-8 58A4 STARCO Turf Grip TR412;STIGA S.p.A.
11-07-2025;SI013604;676678;154988;7560.00;1002435;-360;WO074086;AB 200/55-8 52A4 KENDA K383A TR412;STIGA S.p.A.
11-07-2025;SI013605;159942;155068;54.00;1000103;-6;;Euro Pallets 80x120cm;KENDA GB Rugeley Ltd
11-07-2025;SI013605;260761;155069;336.00;1000103;-28;;WOOD PALLET 1,20 X 1,26M HEAT TREATED;KENDA GB Rugeley Ltd
11-07-2025;SI013605;260808;155070;204.12;1000103;-28;;WOOD TOP COVER 1,20X1,26 M HEAT TREATED;KENDA GB Rugeley Ltd
11-07-2025;SI013605;262291;155071;23.04;1000103;-6;;WOOD TOP COVER 1,2 0X 0,8M HEAT TREATED;KENDA GB Rugeley Ltd
11-07-2025;SI013605;275666;155062;2803.50;1000103;-50;WO072789;WB 9.00Wx18 H2 8/221/275 Ø21.5 R16 ET-8;KENDA GB Rugeley Ltd
11-07-2025;SI013605;275963;155064;5130.05;1000103;-37;WO072813;WB AG16.00x22.5 H2 8/221/275 Ø21.5 R16 ET-12;KENDA GB Rugeley Ltd
11-07-2025;SI013605;277318;155065;6462.00;1000103;-360;WO073226;WI EK 4.50Ix9 H2 35x66/78;KENDA GB Rugeley Ltd
11-07-2025;SI013605;277318;155066;6462.00;1000103;-360;WO073227;WI EK 4.50Ix9 H2 35x66/78;KENDA GB Rugeley Ltd
11-07-2025;SI013605;385471;155063;1656.00;1000103;-100;WO072792;WB 6.00Ix10 H2 4/67/101.6 Ø12.5 C60 ET-3;KENDA GB Rugeley Ltd
11-07-2025;SI013605;493442;155067;3875.28;1000103;-804;WO073230;WI GO 2.50Ax8 35,3x63,5;KENDA GB Rugeley Ltd
11-07-2025;SI013605;613987;155060;5631.99;1000103;-39;WO072132;WB AG16.00x22.5 H2 5/290/335 Ø21.5 R22.4 ET-20;KENDA GB Rugeley Ltd
11-07-2025;SI013605;614014;155061;8037.12;1000103;-92;WO072133;WB W13x20 H2 5/290/335 Ø21.5 R22.4 ET10;KENDA GB Rugeley Ltd
11-07-2025;SI013605;736006;155059;320.60;1000103;-14;WO069908;WB 7.00Ix10 H2 4/64.5/101.6 Ø14.5 C60 ET-28.5;KENDA GB Rugeley Ltd
10-07-2025;SI013601;159942;154716;54.00;1007426;-6;;Euro Pallets 80x120cm;Maschinenfabrik Bernard Krone GmbH & Co. KG
10-07-2025;SI013601;260761;154717;432.00;1007426;-36;;WOOD PALLET 1,20 X 1,26M HEAT TREATED;Maschinenfabrik Bernard Krone GmbH & Co. KG
10-07-2025;SI013601;260808;154718;262.44;1007426;-36;;WOOD TOP COVER 1,20X1,26 M HEAT TREATED;Maschinenfabrik Bernard Krone GmbH & Co. KG
10-07-2025;SI013601;262291;154719;23.04;1007426;-6;;WOOD TOP COVER 1,2 0X 0,8M HEAT TREATED;Maschinenfabrik Bernard Krone GmbH & Co. KG
10-07-2025;SI013601;357850;154714;172.00;1007426;-4;WO072011;WB 13.00x17 H2 6/161/205 Ø21.5 R16 ET0;Maschinenfabrik Bernard Krone GmbH & Co. KG
10-07-2025;SI013601;357850;154715;24510.00;1007426;-570;WO072012;WB 13.00x17 H2 6/161/205 Ø21.5 R16 ET0;Maschinenfabrik Bernard Krone GmbH & Co. KG
10-07-2025;SI013602;159942;154747;369.00;1000108;-41;;Euro Pallets 80x120cm;KENDA Polska Sp. z.o.o.
10-07-2025;SI013602;262291;154748;157.44;1000108;-41;;WOOD TOP COVER 1,2 0X 0,8M HEAT TREATED;KENDA Polska Sp. z.o.o.
10-07-2025;SI013602;277318;154740;4196.00;1000108;-200;WO073129;WI EK 4.50Ix9 H2 35x66/78;KENDA Polska Sp. z.o.o.
10-07-2025;SI013602;471242;154741;4824.75;1000108;-525;WO073626;WI GK 5.50Ax8 H2 20x89,5 TL Silver RAL9006 NORMAL;KENDA Polska Sp. z.o.o.
10-07-2025;SI013602;471242;154743;3859.80;1000108;-420;WO073632;WI GK 5.50Ax8 H2 20x89,5 TL Silver RAL9006 NORMAL;KENDA Polska Sp. z.o.o.
10-07-2025;SI013602;471242;154745;4824.75;1000108;-525;WO073707;WI GK 5.50Ax8 H2 20x89,5 TL Silver RAL9006 NORMAL;KENDA Polska Sp. z.o.o.
10-07-2025;SI013602;508337;154738;2280.00;1000108;-150;WO072504;WI EK 4.00Ex9 35x66/78;KENDA Polska Sp. z.o.o.
10-07-2025;SI013602;508337;154739;2280.00;1000108;-150;WO073125;WI EK 4.00Ex9 35x66/78;KENDA Polska Sp. z.o.o.
10-07-2025;SI013602;516455;154736;3823.50;1000108;-150;WO072487;WB 7.00Ix12 H2 5/94/140 Ø16.5 R14 ET0;KENDA Polska Sp. z.o.o.
10-07-2025;SI013602;681306;154737;1190.60;1000108;-20;WO072499;WB 13LBx15 H2 6/161/205 Ø21.5 R16 ET0;KENDA Polska Sp. z.o.o.
10-07-2025;SI013602;739328;154742;4824.75;1000108;-525;WO073629;WI GK 5.50Ax8 H2 20x89,5 TL Black CP2004 6204 2RS;KENDA Polska Sp. z.o.o.
10-07-2025;SI013602;739328;154744;2894.85;1000108;-315;WO073633;WI GK 5.50Ax8 H2 20x89,5 TL Black CP2004 6204 2RS;KENDA Polska Sp. z.o.o.
10-07-2025;SI013602;739328;154746;5789.70;1000108;-630;WO073710;WI GK 5.50Ax8 H2 20x89,5 TL Black CP2004 6204 2RS;KENDA Polska Sp. z.o.o.
09-07-2025;SI013600;103907;154644;251.52;1000404;-2;WO073520;DU AW Spacer Stepped 42/34K-200,0;KENDA Schweiz AG
09-07-2025;SI013600;111094;154630;130.46;1000404;-1;WO073315;DU AW Spacer Stepped 44/34K-200,0;KENDA Schweiz AG
09-07-2025;SI013600;113876;154635;349.60;1000404;-2;WO073424;DU Wheel MD/HD W7x28/20-170,0   130VSM;KENDA Schweiz AG
09-07-2025;SI013600;117201;154636;296.80;1000404;-2;WO073427;DU Wheel MD/HD W7x20-170,0   125VSM;KENDA Schweiz AG
09-07-2025;SI013600;117393;154633;609.60;1000404;-2;WO073422;DU Wheel MD/HD W8x48/38K-300,0   170VSM;KENDA Schweiz AG
09-07-2025;SI013600;117706;154632;450.40;1000404;-2;WO073324;WB W15Lx24 6/285/325 Ø19.5 ET-50;KENDA Schweiz AG
09-07-2025;SI013600;117805;154640;316.00;1000404;-2;WO073480;DU Wheel MD/HD W8x20-250,0   140VSM;KENDA Schweiz AG
09-07-2025;SI013600;118116;154639;430.40;1000404;-2;WO073464;DU Wheel MD/HD W8x36/30-170,0;KENDA Schweiz AG
09-07-2025;SI013600;143552;154619;2080.00;1000404;-500;;DU Footbase MD      Standard;KENDA Schweiz AG
09-07-2025;SI013600;159942;154645;81.00;1000404;-9;;Euro Pallets 80x120cm;KENDA Schweiz AG
09-07-2025;SI013600;260761;154646;288.00;1000404;-24;;WOOD PALLET 1,20 X 1,26M HEAT TREATED;KENDA Schweiz AG
09-07-2025;SI013600;260808;154647;174.96;1000404;-24;;WOOD TOP COVER 1,20X1,26 M HEAT TREATED;KENDA Schweiz AG
09-07-2025;SI013600;262291;154648;34.56;1000404;-9;;WOOD TOP COVER 1,2 0X 0,8M HEAT TREATED;KENDA Schweiz AG
09-07-2025;SI013600;447902;154616;4860.00;1000404;-500;;DU Headspindle  MD/SOK 550mm;KENDA Schweiz AG
09-07-2025;SI013600;494593;154620;1304.00;1000404;-200;;DU Ringnut MD;KENDA Schweiz AG
09-07-2025;SI013600;495224;154617;2440.00;1000404;-250;;DU Hookspindle  MD/SOK 575mm;KENDA Schweiz AG
09-07-2025;SI013600;581064;154621;1320.00;1000404;-500;;GS Lead Nut for SOK Nut DIN   M16 1.50 S355J2G3...;KENDA Schweiz AG
09-07-2025;SI013600;584669;154622;3441.60;1000404;-12;WO073102;DU Wheel MD/HD W8x44/34K-300,0   170VSM;KENDA Schweiz AG
09-07-2025;SI013600;584706;154627;573.60;1000404;-2;WO073280;DU Wheel MD/HD W8x44/34K-300,0   170VSM;KENDA Schweiz AG
09-07-2025;SI013600;585024;154623;1720.80;1000404;-6;WO073103;DU Wheel MD/HD W8x44/34K-300,0   170VSM;KENDA Schweiz AG
09-07-2025;SI013600;585055;154618;400.00;1000404;-2;WO073052;DU Wheel MD/HD W7x32/24K-170,0;KENDA Schweiz AG
09-07-2025;SI013600;585130;154628;1147.20;1000404;-4;WO073281;DU Wheel MD/HD W8x44/34K-300,0   170VSM;KENDA Schweiz AG
09-07-2025;SI013600;585536;154629;253.20;1000404;-1;WO073314;DU Wheel MD/HD W8x40/30K-300,0   160VSM;KENDA Schweiz AG
09-07-2025;SI013600;592121;154615;382.62;1000404;-6;WO071515;WB 13.00x17 8/221/275 Ø27 R18 ET20;KENDA Schweiz AG
09-07-2025;SI013600;611051;154631;667.20;1000404;-2;WO073318;DU Wheel MD/HD W8x48/38K-300,0   170VSM;KENDA Schweiz AG
09-07-2025;SI013600;621838;154637;667.20;1000404;-2;WO073434;DU Wheel MD/HD W8x48/38K-300,0   190VSM;KENDA Schweiz AG
09-07-2025;SI013600;638744;154624;573.60;1000404;-2;WO073153;DU Wheel MD/HD W8x44/34K-300,0   190VSM;KENDA Schweiz AG
09-07-2025;SI013600;666051;154626;573.60;1000404;-2;WO073222;DU Wheel MD/HD W8x44/34K-300,0   160VSM;KENDA Schweiz AG
09-07-2025;SI013600;677743;154641;408.80;1000404;-2;WO073481;DU Wheel MD/HD W8x32/28-170,0;KENDA Schweiz AG
09-07-2025;SI013600;708690;154643;667.20;1000404;-2;WO073502;DU Wheel MD/HD W8x48/38K-300,0   170VSM;KENDA Schweiz AG
09-07-2025;SI013600;719948;154634;960.00;1000404;-6;WO073423;DU Wheel MD/HD W7x24/20-170,0   136VSM;KENDA Schweiz AG
09-07-2025;SI013600;727158;154625;691.20;1000404;-2;WO073181;DU Wheel MD/HD W10x48/38K-300,0   150VSM;KENDA Schweiz AG
09-07-2025;SI013600;727547;154642;160.00;1000404;-1;WO073495;DU Wheel MD/HD W7x24/20K-170,0   135VSM;KENDA Schweiz AG
09-07-2025;SI013600;733845;154638;443.20;1000404;-2;WO073463;DU Wheel MD/HD W10x36-160,0   120VSM;KENDA Schweiz AG
09-07-2025;SI013600;733975;154614;2691.57;1000404;-49;WO071505;WB 6Jx16 H2 5/94/140 Ø18.5 R14 ET68;KENDA Schweiz AG
08-07-2025;SI013598;143750;154353;18393.22;1000106;-362;WO072929;WB 12LBx15 H2 10/93/140 Ø15 - ET-70 Silver;KENDA Deutschland GmbH
08-07-2025;SI013598;143880;154354;65.72;1000106;-2;WO072935;WB 7.00Ix12 H2 10/93/140 Ø16.5 ET20 Silver;KENDA Deutschland GmbH
08-07-2025;SI013598;143880;154355;1905.88;1000106;-58;WO072936;WB 7.00Ix12 H2 10/93/140 Ø16.5 ET20 Silver;KENDA Deutschland GmbH
08-07-2025;SI013598;143941;154351;1946.27;1000106;-47;WO072756;WB 10.50Ix12 H2 5/79.5/114.3 Ø12 C75 ET-25 Orange;KENDA Deutschland GmbH
08-07-2025;SI013598;159942;154358;27.00;1000106;-3;;Euro Pallets 80x120cm;KENDA Deutschland GmbH
08-07-2025;SI013598;260761;154359;372.00;1000106;-31;;WOOD PALLET 1,20 X 1,26M HEAT TREATED;KENDA Deutschland GmbH
08-07-2025;SI013598;260808;154360;225.99;1000106;-31;;WOOD TOP COVER 1,20X1,26 M HEAT TREATED;KENDA Deutschland GmbH
08-07-2025;SI013598;262291;154361;11.52;1000106;-3;;WOOD TOP COVER 1,2 0X 0,8M HEAT TREATED;KENDA Deutschland GmbH
08-07-2025;SI013598;283104;154356;1263.60;1000106;-45;WO072959;WB 8.50Ix12 H2 4/85/130 Ø14.5 ET-22;KENDA Deutschland GmbH
08-07-2025;SI013598;474120;154357;2870.40;1000106;-60;WO073076;WB 13LBx15 H2 5/192/225 Ø18.5 R14 ET83.5;KENDA Deutschland GmbH
08-07-2025;SI013598;559537;154350;1005.00;1000106;-10;WO072030;WB 16.00x17 H2 6/161/205 Ø21.5 R16 ET0 RFH;KENDA Deutschland GmbH
08-07-2025;SI013598;743547;154352;9233.28;1000106;-96;WO072857;WB W13x20 H2 8/221/275 Ø21.5 R16 ET60;KENDA Deutschland GmbH
08-07-2025;SI013599;110813;154585;324.00;1000103;-4;WO073640;WB W13x20 H2 5/290/335 Ø21.5 R22.4 ET10;KENDA GB Rugeley Ltd
08-07-2025;SI013599;159942;154586;81.00;1000103;-9;;Euro Pallets 80x120cm;KENDA GB Rugeley Ltd
08-07-2025;SI013599;159959;154587;45.72;1000103;-3;;Palette Frame L=1,20 B=0,80 (for Euro-Palett);KENDA GB Rugeley Ltd
08-07-2025;SI013599;260761;154588;480.00;1000103;-40;;WOOD PALLET 1,20 X 1,26M HEAT TREATED;KENDA GB Rugeley Ltd
08-07-2025;SI013599;260808;154589;291.60;1000103;-40;;WOOD TOP COVER 1,20X1,26 M HEAT TREATED;KENDA GB Rugeley Ltd
08-07-2025;SI013599;262291;154590;34.56;1000103;-9;;WOOD TOP COVER 1,2 0X 0,8M HEAT TREATED;KENDA GB Rugeley Ltd
08-07-2025;SI013599;275963;154583;15251.50;1000103;-110;WO072813;WB AG16.00x22.5 H2 8/221/275 Ø21.5 R16 ET-12;KENDA GB Rugeley Ltd
08-07-2025;SI013599;277318;154584;9693.00;1000103;-540;WO072815;WI EK 4.50Ix9 H2 35x66/78;KENDA GB Rugeley Ltd
08-07-2025;SI013599;494708;154560;2527.80;1000103;-60;WO070458;WB 9.00x15.3 H2 5/94/140 Ø18.5 R14 ET-35;KENDA GB Rugeley Ltd
08-07-2025;SI013599;542195;154580;867.00;1000103;-100;WO072795;WI EK 2.50Ax8 25x63,5/71,5;KENDA GB Rugeley Ltd
08-07-2025;SI013599;613987;154562;12563.67;1000103;-87;WO072132;WB AG16.00x22.5 H2 5/290/335 Ø21.5 R22.4 ET-20;KENDA GB Rugeley Ltd
08-07-2025;SI013599;614014;154563;7600.32;1000103;-87;WO072133;WB W13x20 H2 5/290/335 Ø21.5 R22.4 ET10;KENDA GB Rugeley Ltd
08-07-2025;SI013599;713571;154581;1799.00;1000103;-50;WO072803;WB 10.50Ix12 H2 5/79.5/114.3 Ø12 C75 ET-25;KENDA GB Rugeley Ltd
08-07-2025;SI013599;723846;154582;3205.44;1000103;-96;WO072806;WB 8.50Ix12 H2 5/71/152.4 Ø14 C60 ET60;KENDA GB Rugeley Ltd
08-07-2025;SI013599;736006;154559;1832.00;1000103;-80;WO069908;WB 7.00Ix10 H2 4/64.5/101.6 Ø14.5 C60 ET-28.5;KENDA GB Rugeley Ltd
07-07-2025;SI013597;112084;153962;4000.32;1000106;-144;WO072441;WB 10.50Ix12 H2 10/93/140 Ø15 - ET-50 Silver;KENDA Deutschland GmbH
07-07-2025;SI013597;112091;153959;47.00;1000106;-2;WO072094;WB 7.00Ix12 H2 5/93/140 Ø15 ET-10 Silver RAL9006;KENDA Deutschland GmbH
07-07-2025;SI013597;114040;153960;1855.50;1000106;-30;WO072382;WB 7.00Ix8 H2 4/60/100 Ø14.5 C60 ET-48;KENDA Deutschland GmbH
07-07-2025;SI013597;139968;153976;56.00;1000106;-8;WO073589;WB 2.50Ax8 H2 4/60/100 Ø14.5 C60 ET0;KENDA Deutschland GmbH
07-07-2025;SI013597;143750;153968;4268.04;1000106;-84;WO072929;WB 12LBx15 H2 10/93/140 Ø15 - ET-70 Silver;KENDA Deutschland GmbH
07-07-2025;SI013597;143842;153969;3226.86;1000106;-63;WO072931;WB 13.00x17 H2 6/161/205 Ø21.5 R16 ET0 Orange;KENDA Deutschland GmbH
07-07-2025;SI013597;143910;153961;195.90;1000106;-6;WO072417;WB 10.50Ix12 H2 4/85/130 Ø14.5 ET-53 Silver;KENDA Deutschland GmbH
07-07-2025;SI013597;159942;153979;189.00;1000106;-21;;Euro Pallets 80x120cm;KENDA Deutschland GmbH
07-07-2025;SI013597;159959;153983;182.88;1000106;-12;;Palette Frame L=1,20 B=0,80 (for Euro-Palett);KENDA Deutschland GmbH
07-07-2025;SI013597;162065;153967;88.12;1000106;-1;WO072924;WB 16.00x17 H2 6/161/205 Ø21.5 R16 ET0 VG3 Yellow;KENDA Deutschland GmbH
07-07-2025;SI013597;200729;153965;1923.00;1000106;-300;WO072909;WI GR 2.50Ax8 20x120/114;KENDA Deutschland GmbH
07-07-2025;SI013597;260761;153980;288.00;1000106;-24;;WOOD PALLET 1,20 X 1,26M HEAT TREATED;KENDA Deutschland GmbH
07-07-2025;SI013597;260808;153981;174.96;1000106;-24;;WOOD TOP COVER 1,20X1,26 M HEAT TREATED;KENDA Deutschland GmbH
07-07-2025;SI013597;262291;153982;80.64;1000106;-21;;WOOD TOP COVER 1,2 0X 0,8M HEAT TREATED;KENDA Deutschland GmbH
07-07-2025;SI013597;276328;153966;4053.70;1000106;-70;WO072915;WB 13LBx15 H2 6/161/205 Ø21.5 R16 ET-100;KENDA Deutschland GmbH
07-07-2025;SI013597;293219;153957;198.42;1000106;-3;WO071704;WB 8.50Ix12 H2 5/80/115 Ø18.5 R14 ET-95;KENDA Deutschland GmbH
07-07-2025;SI013597;293219;153964;1716.00;1000106;-60;WO072860;WB 8.50Ix12 H2 5/80/115 Ø18.5 R14 ET-95;KENDA Deutschland GmbH
07-07-2025;SI013597;376851;153958;1615.25;1000106;-325;WO071882;WI GO 2.50Ax8 35x71;KENDA Deutschland GmbH
07-07-2025;SI013597;422992;153972;240.04;1000106;-4;WO073420;WB 13LBx15 H2 5/110/160 Ø18.5 R14 ET28;KENDA Deutschland GmbH
07-07-2025;SI013597;474120;153975;4784.00;1000106;-100;WO073586;WB 13LBx15 H2 5/192/225 Ø18.5 R14 ET83.5;KENDA Deutschland GmbH
07-07-2025;SI013597;509556;153963;4371.90;1000106;-295;WO072744;WI EK 7.00Ax8 H2 30x92/102;KENDA Deutschland GmbH
07-07-2025;SI013597;581989;153971;50.26;1000106;-1;WO073216;WB 8Jx16 H2 6/161/205 Ø21.5 R16 ET60;KENDA Deutschland GmbH
07-07-2025;SI013597;639987;153978;1962.00;1000106;-60;WO073923;WB 8.50Ix12 H2 5/67/112 Ø18.5 R14 ET0;KENDA Deutschland GmbH
07-07-2025;SI013597;686899;153970;2460.24;1000106;-34;WO073080;WB 9.75x16.5 H2 10/95/140 Ø16.5 ET-1;KENDA Deutschland GmbH
07-07-2025;SI013597;708942;153973;183.00;1000106;-4;WO073448;WB 10LBx15 H2 6/117.5/152.4 Ø17.5 ET-89;KENDA Deutschland GmbH
07-07-2025;SI013597;733678;153974;191.52;1000106;-2;WO073455;WB 7Jx14 H2 6/117.8/152.4 Ø17.5 ET7;KENDA Deutschland GmbH
07-07-2025;SI013597;743547;153977;2981.58;1000106;-31;WO073782;WB W13x20 H2 8/221/275 Ø21.5 R16 ET60;KENDA Deutschland GmbH
04-07-2025;SI013592;495224;153886;390.40;1007189;-32;;DU Hookspindle  MD/SOK 575mm;GRASDORF GmbH
04-07-2025;SI013595;260761;153889;48.00;1000106;-4;;WOOD PALLET 1,20 X 1,26M HEAT TREATED;KENDA Deutschland GmbH
04-07-2025;SI013595;260808;153890;29.16;1000106;-4;;WOOD TOP COVER 1,20X1,26 M HEAT TREATED;KENDA Deutschland GmbH
04-07-2025;SI013595;447414;153888;3868.80;1000106;-60;WO072891;WB 13.00x17 H2 5/192/225 Ø18.5 R14 ET37;KENDA Deutschland GmbH
04-07-2025;SI013596;139708;153945;221.56;1000108;-4;WO072472;WB 11LBx16 H2 6/161/205 Ø21.5 R16 ET0;KENDA Polska Sp. z.o.o.
04-07-2025;SI013596;159942;153949;117.00;1000108;-13;;Euro Pallets 80x120cm;KENDA Polska Sp. z.o.o.
04-07-2025;SI013596;260617;153948;1950.00;1000108;-3000;;Flanged Bush 20,60x30,3-4,0;KENDA Polska Sp. z.o.o.
04-07-2025;SI013596;262291;153950;49.92;1000108;-13;;WOOD TOP COVER 1,2 0X 0,8M HEAT TREATED;KENDA Polska Sp. z.o.o.
04-07-2025;SI013596;471198;153944;864.00;1000108;-120;WO071908;WI GG 4.375Ax8 H2 20,1x89,5/81,5 TL Silver;KENDA Polska Sp. z.o.o.
04-07-2025;SI013596;521022;153939;2051.46;1000108;-54;WO072488;WB AG13.00x15.5 H2 6/161/205 Ø21.5 R16 ET-15;KENDA Polska Sp. z.o.o.
04-07-2025;SI013596;521022;153942;455.88;1000108;-12;WO071679;WB AG13.00x15.5 H2 6/161/205 Ø21.5 R16 ET-15;KENDA Polska Sp. z.o.o.
04-07-2025;SI013596;616704;153941;174.00;1000108;-25;WO070866;WB 5.50Ax8 H2 4/60/100 Ø14.5 C60 ET0 Silver;KENDA Polska Sp. z.o.o.
04-07-2025;SI013596;640143;153946;2555.52;1000108;-132;WO072493;WB 6.00Ix10 H2 4/56.5/100 Ø13 C60 ET0;KENDA Polska Sp. z.o.o.
04-07-2025;SI013596;681283;153947;1924.23;1000108;-187;WO072496;WI EK 4.50Ax6 H 25x90/98;KENDA Polska Sp. z.o.o.
04-07-2025;SI013596;723310;153943;133.12;1000108;-2;WO071687;WB 16.00x17 H2 8/221/275 Ø27 R18 ET0;KENDA Polska Sp. z.o.o.
02-07-2025;SI013580;141275;153474;1035.92;1000106;-8;WO072114;WB AG16.00x22.5 H2 8/221/275 Ø27 R18 ET-50 RFH;KENDA Deutschland GmbH
02-07-2025;SI013580;141282;153472;1204.47;1000106;-9;WO072091;WB AG16.00x22.5 H2 8/221/275 Ø27 R18 ET0 RFH;KENDA Deutschland GmbH
02-07-2025;SI013580;143729;153478;6093.00;1000106;-90;WO072948;WB 13.00x17 H2 10/93/140 Ø15 ET-39 Silver RAL9006;KENDA Deutschland GmbH
02-07-2025;SI013580;143842;153475;6914.70;1000106;-135;WO072931;WB 13.00x17 H2 6/161/205 Ø21.5 R16 ET0 Orange;KENDA Deutschland GmbH
02-07-2025;SI013580;143873;153476;1934.79;1000106;-39;WO072933;WB 13LBx15 H2 6/161/205 Ø21.5 R16 ET0 VG2 Silver;KENDA Deutschland GmbH
02-07-2025;SI013580;143880;153477;3220.28;1000106;-98;WO072935;WB 7.00Ix12 H2 10/93/140 Ø16.5 ET20 Silver;KENDA Deutschland GmbH
02-07-2025;SI013580;146096;153473;1713.37;1000106;-31;WO072100;WB AG13.00x15.5 H2 6/161/205 Ø21.5 R16 ET50 RFH;KENDA Deutschland GmbH
02-07-2025;SI013580;159942;153481;63.00;1000106;-7;;Euro Pallets 80x120cm;KENDA Deutschland GmbH
02-07-2025;SI013580;163802;153480;4049.76;1000106;-66;WO073573;WB 8Jx16 H2 6/161/205 Ø18.5 R14 ET-120;KENDA Deutschland GmbH
02-07-2025;SI013580;260761;153482;336.00;1000106;-28;;WOOD PALLET 1,20 X 1,26M HEAT TREATED;KENDA Deutschland GmbH
02-07-2025;SI013580;260808;153483;204.12;1000106;-28;;WOOD TOP COVER 1,20X1,26 M HEAT TREATED;KENDA Deutschland GmbH
02-07-2025;SI013580;262291;153484;26.88;1000106;-7;;WOOD TOP COVER 1,2 0X 0,8M HEAT TREATED;KENDA Deutschland GmbH
02-07-2025;SI013580;712444;153479;1810.80;1000106;-18;WO073037;WB W13x20 H2 8/221/275 Ø21.5 R16 ET60;KENDA Deutschland GmbH
02-07-2025;SI013581;159942;153532;36.00;1007236;-4;;Euro Pallets 80x120cm;Bohnenkamp SIA
02-07-2025;SI013581;260761;153533;144.00;1007236;-12;;WOOD PALLET 1,20 X 1,26M HEAT TREATED;Bohnenkamp SIA
02-07-2025;SI013581;260808;153534;87.48;1007236;-12;;WOOD TOP COVER 1,20X1,26 M HEAT TREATED;Bohnenkamp SIA
02-07-2025;SI013581;262291;153535;15.36;1007236;-4;;WOOD TOP COVER 1,2 0X 0,8M HEAT TREATED;Bohnenkamp SIA
02-07-2025;SI013581;294414;153528;6792.00;1007236;-600;WO073015;WB 7.00Ax8 H2 4/60/100 Ø14.5 C60 ET0;Bohnenkamp SIA
02-07-2025;SI013581;495972;153527;3735.18;1007236;-6;;DU Fixation Set HD+6 M18x1.5x95;Bohnenkamp SIA
02-07-2025;SI013581;518992;153529;821.00;1007236;-100;WO073016;WB 5.50Ax8 H2 4/60/100 Ø9 ET0;Bohnenkamp SIA
02-07-2025;SI013581;582740;153530;7686.00;1007236;-200;WO073018;WB 6.5LBx15 H2 6/161/205 Ø21.5 R16 ET0;Bohnenkamp SIA
02-07-2025;SI013581;615752;153531;2676.00;1007236;-60;WO073377;WB 6.75x14.5 H2 5/94/140 Ø18.5 R14 ET0;Bohnenkamp SIA
02-07-2025;SI013583;260761;153582;72.00;1007426;-6;;WOOD PALLET 1,20 X 1,26M HEAT TREATED;Maschinenfabrik Bernard Krone GmbH & Co. KG
02-07-2025;SI013583;260808;153583;43.74;1007426;-6;;WOOD TOP COVER 1,20X1,26 M HEAT TREATED;Maschinenfabrik Bernard Krone GmbH & Co. KG
02-07-2025;SI013583;357850;153581;3870.00;1007426;-90;WO072012;WB 13.00x17 H2 6/161/205 Ø21.5 R16 ET0;Maschinenfabrik Bernard Krone GmbH & Co. KG
